test_id,algorithm,message_length,original_bytes,original_bits,total_bits,overhead_bits,overhead_ratio,ber_target,errors_injected,actual_ber,errors_corrected,successful,recovered_correctly,crc_detected_correctly,total_time_ms,reception_time_ms,message_original,message_recovered,error_type
0,crc,5,5,40,96,56,1.4,0.0,0,0.0,0,True,True,True,0.05412101745605469,0.010967254638671875,|ODjf,|ODjf,
1,crc,5,5,40,96,56,1.4,0.0,0,0.0,0,True,True,True,0.041961669921875,0.009298324584960938,tKp]O,tKp]O,
2,crc,5,5,40,96,56,1.4,0.0,0,0.0,0,True,True,True,0.03886222839355469,0.0069141387939453125,Q$(a2,Q$(a2,
3,crc,5,5,40,96,56,1.4,0.0,0,0.0,0,True,True,True,0.03886222839355469,0.007867813110351562,aH2EH,aH2EH,
4,crc,5,5,40,96,56,1.4,0.0,0,0.0,0,True,True,True,0.03886222839355469,0.007867813110351562,ww6$x,ww6$x,
5,crc,5,5,40,96,56,1.4,0.0,0,0.0,0,True,True,True,0.04124641418457031,0.008106231689453125,F6Vuu,F6Vuu,
6,crc,5,5,40,96,56,1.4,0.0,0,0.0,0,True,True,True,0.03981590270996094,0.0069141387939453125,?n9UG,?n9UG,
7,crc,5,5,40,96,56,1.4,0.0,0,0.0,0,True,True,True,0.04410743713378906,0.008344650268554688,Pg-uY,Pg-uY,
8,crc,5,5,40,96,56,1.4,0.0,0,0.0,0,True,True,True,0.0400543212890625,0.008106231689453125,t>wdT,t>wdT,
9,crc,5,5,40,96,56,1.4,0.0,0,0.0,0,True,True,True,0.03886222839355469,0.007867813110351562,@ T[I,@ T[I,
10,crc,5,5,40,96,56,1.4,0.0,0,0.0,0,True,True,True,0.03886222839355469,0.007867813110351562,Ln}kN,Ln}kN,
11,crc,5,5,40,96,56,1.4,0.0,0,0.0,0,True,True,True,0.03981590270996094,0.007867813110351562, V(4M, V(4M,
12,crc,5,5,40,96,56,1.4,0.0,0,0.0,0,True,True,True,0.0400543212890625,0.008106231689453125,La+|f,La+|f,
13,crc,5,5,40,96,56,1.4,0.0,0,0.0,0,True,True,True,0.03981590270996094,0.007867813110351562,Ff{Ou,Ff{Ou,
14,crc,5,5,40,96,56,1.4,0.0,0,0.0,0,True,True,True,0.03886222839355469,0.0069141387939453125,(&?E4,(&?E4,
15,crc,5,5,40,96,56,1.4,0.0,0,0.0,0,True,True,True,0.03886222839355469,0.008106231689453125,ZAdg@,ZAdg@,
16,crc,5,5,40,96,56,1.4,0.0,0,0.0,0,True,True,True,0.03886222839355469,0.0069141387939453125,{m=5n,{m=5n,
17,crc,5,5,40,96,56,1.4,0.0001,0,0.0,0,True,True,True,0.04029273986816406,0.008106231689453125,.g@xN,.g@xN,
18,crc,5,5,40,96,56,1.4,0.0001,0,0.0,0,True,True,True,0.03910064697265625,0.0069141387939453125,1L?ng,1L?ng,
19,crc,5,5,40,96,56,1.4,0.0001,0,0.0,0,True,True,True,0.03910064697265625,0.008106231689453125,6*MB[,6*MB[,
20,crc,5,5,40,96,56,1.4,0.0001,0,0.0,0,True,True,True,0.041961669921875,0.007867813110351562,ah#oH,ah#oH,
21,crc,5,5,40,96,56,1.4,0.0001,0,0.0,0,True,True,True,0.0400543212890625,0.008106231689453125,xMbeZ,xMbeZ,
22,crc,5,5,40,96,56,1.4,0.0001,0,0.0,0,True,True,True,0.03886222839355469,0.007867813110351562,fU(I4,fU(I4,
23,crc,5,5,40,96,56,1.4,0.0001,0,0.0,0,True,True,True,0.0400543212890625,0.007867813110351562,O[hPC,O[hPC,
24,crc,5,5,40,96,56,1.4,0.0001,0,0.0,0,True,True,True,0.0400543212890625,0.007867813110351562,"r,1V]","r,1V]",
25,crc,5,5,40,96,56,1.4,0.0001,0,0.0,0,True,True,True,0.04482269287109375,0.007867813110351562,?;1z},?;1z},
26,crc,5,5,40,96,56,1.4,0.0001,0,0.0,0,True,True,True,0.03981590270996094,0.007867813110351562,UEiW],UEiW],
27,crc,5,5,40,96,56,1.4,0.0001,0,0.0,0,True,True,True,0.03981590270996094,0.007867813110351562,EC>2&,EC>2&,
28,crc,5,5,40,96,56,1.4,0.0005,0,0.0,0,True,True,True,0.04029273986816406,0.008344650268554688,qxIsF,qxIsF,
29,crc,5,5,40,96,56,1.4,0.0005,0,0.0,0,True,True,True,0.03886222839355469,0.0069141387939453125,L5@o@,L5@o@,
30,crc,5,5,40,96,56,1.4,0.0005,0,0.0,0,True,True,True,0.03886222839355469,0.007867813110351562,{O_go,{O_go,
31,crc,5,5,40,96,56,1.4,0.0005,0,0.0,0,True,True,True,0.03886222839355469,0.007867813110351562,!]vh4,!]vh4,
32,crc,5,5,40,96,56,1.4,0.0005,0,0.0,0,True,True,True,0.03910064697265625,0.0069141387939453125,Dg 8s,Dg 8s,
33,crc,5,5,40,96,56,1.4,0.0005,0,0.0,0,True,True,True,0.03933906555175781,0.0073909759521484375,@aQ?+,@aQ?+,
34,crc,5,5,40,96,56,1.4,0.0005,0,0.0,0,True,True,True,0.03910064697265625,0.008106231689453125,{k{Wt,{k{Wt,
35,crc,5,5,40,96,56,1.4,0.0005,0,0.0,0,True,True,True,0.04291534423828125,0.0069141387939453125,vwSO7,vwSO7,
36,crc,5,5,40,96,56,1.4,0.0005,1,0.010416666666666666,0,False,False,True,0.032901763916015625,0.00095367431640625,v<^U6,,CRC validation failed
37,crc,5,5,40,96,56,1.4,0.0005,0,0.0,0,True,True,True,0.03981590270996094,0.007867813110351562,_VxK:,_VxK:,
38,crc,5,5,40,96,56,1.4,0.0005,0,0.0,0,True,True,True,0.03886222839355469,0.007867813110351562,&<Zm|,&<Zm|,
39,crc,5,5,40,96,56,1.4,0.001,1,0.010416666666666666,0,False,False,True,0.032901763916015625,0.00095367431640625,;A0h0,,CRC validation failed
40,crc,5,5,40,96,56,1.4,0.001,0,0.0,0,True,True,True,0.03886222839355469,0.0069141387939453125,6ti.a,6ti.a,
41,crc,5,5,40,96,56,1.4,0.001,0,0.0,0,True,True,True,0.03981590270996094,0.007867813110351562,Dmuy:,Dmuy:,
42,crc,5,5,40,96,56,1.4,0.001,0,0.0,0,True,True,True,0.03886222839355469,0.008106231689453125,.eIe*,.eIe*,
43,crc,5,5,40,96,56,1.4,0.001,0,0.0,0,True,True,True,0.03910064697265625,0.007867813110351562,7%g*B,7%g*B,
44,crc,5,5,40,96,56,1.4,0.001,0,0.0,0,True,True,True,0.03910064697265625,0.007152557373046875,_zh=-,_zh=-,
45,crc,5,5,40,96,56,1.4,0.001,0,0.0,0,True,True,True,0.03886222839355469,0.0069141387939453125,mzzm*,mzzm*,
46,crc,5,5,40,96,56,1.4,0.001,0,0.0,0,True,True,True,0.03910064697265625,0.008106231689453125,jwzwU,jwzwU,
47,crc,5,5,40,96,56,1.4,0.001,0,0.0,0,True,True,True,0.03886222839355469,0.007867813110351562,nl(Fe,nl(Fe,
48,crc,5,5,40,96,56,1.4,0.001,1,0.010416666666666666,0,False,False,True,0.032901763916015625,0.00095367431640625,yNi4A,,CRC validation failed
49,crc,5,5,40,96,56,1.4,0.001,0,0.0,0,True,True,True,0.03886222839355469,0.0069141387939453125,bJ>[Z,bJ>[Z,
50,crc,5,5,40,96,56,1.4,0.002,0,0.0,0,True,True,True,0.03981590270996094,0.0069141387939453125,w]Dg#,w]Dg#,
51,crc,5,5,40,96,56,1.4,0.002,0,0.0,0,True,True,True,0.03886222839355469,0.007867813110351562,"O,LBU","O,LBU",
52,crc,5,5,40,96,56,1.4,0.002,0,0.0,0,True,True,True,0.03910064697265625,0.008106231689453125,"B.,U<","B.,U<",
53,crc,5,5,40,96,56,1.4,0.002,0,0.0,0,True,True,True,0.03933906555175781,0.008344650268554688,KhHL>,KhHL>,
54,crc,5,5,40,96,56,1.4,0.002,0,0.0,0,True,True,True,0.03910064697265625,0.008106231689453125,.q=UX,.q=UX,
55,crc,5,5,40,96,56,1.4,0.005,0,0.0,0,True,True,True,0.03886222839355469,0.0069141387939453125,MZ-PT,MZ-PT,
56,crc,5,5,40,96,56,1.4,0.005,2,0.020833333333333332,0,False,False,True,0.032901763916015625,0.00095367431640625,=@gX9,,CRC validation failed
57,crc,5,5,40,96,56,1.4,0.005,0,0.0,0,True,True,True,0.03910064697265625,0.007152557373046875,Ozda-,Ozda-,
58,crc,5,5,40,96,56,1.4,0.005,0,0.0,0,True,True,True,0.03886222839355469,0.008106231689453125,_;h|[,_;h|[,
59,crc,5,5,40,96,56,1.4,0.005,0,0.0,0,True,True,True,0.0400543212890625,0.008106231689453125,1v!L;,1v!L;,
60,crc,10,10,80,136,56,0.7,0.0,0,0.0,0,True,True,True,0.05984306335449219,0.014066696166992188,uBdPsFc{Eq,uBdPsFc{Eq,
61,crc,10,10,80,136,56,0.7,0.0,0,0.0,0,True,True,True,0.0591278076171875,0.014066696166992188,[3Tm4#OEH=,[3Tm4#OEH=,
62,crc,10,10,80,136,56,0.7,0.0,0,0.0,0,True,True,True,0.06008148193359375,0.015020370483398438,S ?i5N).+u,S ?i5N).+u,
63,crc,10,10,80,136,56,0.7,0.0,0,0.0,0,True,True,True,0.0629425048828125,0.017881393432617188,ud>jHhV$:C,ud>jHhV$:C,
64,crc,10,10,80,136,56,0.7,0.0,0,0.0,0,True,True,True,0.0591278076171875,0.013113021850585938,",|DX4r1.Z(",",|DX4r1.Z(",
65,crc,10,10,80,136,56,0.7,0.0,0,0.0,0,True,True,True,0.05888938903808594,0.013828277587890625,Akn0R8Do#j,Akn0R8Do#j,
66,crc,10,10,80,136,56,0.7,0.0,0,0.0,0,True,True,True,0.05888938903808594,0.014066696166992188,aHihFU!U29,aHihFU!U29,
67,crc,10,10,80,136,56,0.7,0.0,0,0.0,0,True,True,True,0.0591278076171875,0.014066696166992188,[f^zb>J3Pm,[f^zb>J3Pm,
68,crc,10,10,80,136,56,0.7,0.0,0,0.0,0,True,True,True,0.0591278076171875,0.014066696166992188,(U%Jso%O+!,(U%Jso%O+!,
69,crc,10,10,80,136,56,0.7,0.0,0,0.0,0,True,True,True,0.057697296142578125,0.012636184692382812,Un2NIv6Eo4,Un2NIv6Eo4,
70,crc,10,10,80,136,56,0.7,0.0,0,0.0,0,True,True,True,0.057697296142578125,0.012636184692382812,",B%!_UFTq.",",B%!_UFTq.",
71,crc,10,10,80,136,56,0.7,0.0,0,0.0,0,True,True,True,0.05888938903808594,0.014066696166992188,qxMKk+T7|E,qxMKk+T7|E,
72,crc,10,10,80,136,56,0.7,0.0,0,0.0,0,True,True,True,0.05817413330078125,0.013113021850585938,6BuSB9RQT;,6BuSB9RQT;,
73,crc,10,10,80,136,56,0.7,0.0,0,0.0,0,True,True,True,0.0591278076171875,0.014066696166992188,"<B,*qL*<S5","<B,*qL*<S5",
74,crc,10,10,80,136,56,0.7,0.0,0,0.0,0,True,True,True,0.06008148193359375,0.015020370483398438,9}uAAu$PY|,9}uAAu$PY|,
75,crc,10,10,80,136,56,0.7,0.0,0,0.0,0,True,True,True,0.0591278076171875,0.014066696166992188,tYLXl& &ae,tYLXl& &ae,
76,crc,10,10,80,136,56,0.7,0.0,0,0.0,0,True,True,True,0.0591278076171875,0.014066696166992188,#CY8$urXq{,#CY8$urXq{,
77,crc,10,10,80,136,56,0.7,0.0001,0,0.0,0,True,True,True,0.05888938903808594,0.015020370483398438,"o;eTBN ,L2","o;eTBN ,L2",
78,crc,10,10,80,136,56,0.7,0.0001,0,0.0,0,True,True,True,0.05888938903808594,0.01430511474609375,poYjv>9:%y,poYjv>9:%y,
79,crc,10,10,80,136,56,0.7,0.0001,0,0.0,0,True,True,True,0.0591278076171875,0.014066696166992188,oQ@Ur0}:1k,oQ@Ur0}:1k,
80,crc,10,10,80,136,56,0.7,0.0001,0,0.0,0,True,True,True,0.05817413330078125,0.014066696166992188,"fk,7$Jn8ZH","fk,7$Jn8ZH",
81,crc,10,10,80,136,56,0.7,0.0001,0,0.0,0,True,True,True,0.05817413330078125,0.014066696166992188,4Z;T{lmjp3,4Z;T{lmjp3,
82,crc,10,10,80,136,56,0.7,0.0001,0,0.0,0,True,True,True,0.05888938903808594,0.013828277587890625,Vw424cTM66,Vw424cTM66,
83,crc,10,10,80,136,56,0.7,0.0001,0,0.0,0,True,True,True,0.05888938903808594,0.014066696166992188,8uNIegD2@?,8uNIegD2@?,
84,crc,10,10,80,136,56,0.7,0.0001,0,0.0,0,True,True,True,0.0591278076171875,0.014066696166992188,"t[Sl&cg,RT","t[Sl&cg,RT",
85,crc,10,10,80,136,56,0.7,0.0001,0,0.0,0,True,True,True,0.0591278076171875,0.014066696166992188,nOrnfnhc9U,nOrnfnhc9U,
86,crc,10,10,80,136,56,0.7,0.0001,0,0.0,0,True,True,True,0.0591278076171875,0.014066696166992188,VN%ES7jNdO,VN%ES7jNdO,
87,crc,10,10,80,136,56,0.7,0.0001,0,0.0,0,True,True,True,0.05984306335449219,0.012874603271484375,=o*Q$ge!T(,=o*Q$ge!T(,
88,crc,10,10,80,136,56,0.7,0.0005,0,0.0,0,True,True,True,0.06461143493652344,0.013828277587890625,X{}{;D3>(O,X{}{;D3>(O,
89,crc,10,10,80,136,56,0.7,0.0005,0,0.0,0,True,True,True,0.05888938903808594,0.013828277587890625,QCXM>5z<ma,QCXM>5z<ma,
90,crc,10,10,80,136,56,0.7,0.0005,0,0.0,0,True,True,True,0.0591278076171875,0.014066696166992188,dyJia2G+zp,dyJia2G+zp,
91,crc,10,10,80,136,56,0.7,0.0005,0,0.0,0,True,True,True,0.06008148193359375,0.015020370483398438,=h$HdUD#na,=h$HdUD#na,
92,crc,10,10,80,136,56,0.7,0.0005,0,0.0,0,True,True,True,0.05888938903808594,0.013828277587890625,N^r@jO@pjo,N^r@jO@pjo,
93,crc,10,10,80,136,56,0.7,0.0005,1,0.007352941176470588,0,False,False,True,0.0476837158203125,0.0,p_YqArRa{<,,CRC validation failed
94,crc,10,10,80,136,56,0.7,0.0005,0,0.0,0,True,True,True,0.05793571472167969,0.014066696166992188,%pa)ZWo:hc,%pa)ZWo:hc,
95,crc,10,10,80,136,56,0.7,0.0005,0,0.0,0,True,True,True,0.05793571472167969,0.012874603271484375,8K6PlfCH?g,8K6PlfCH?g,
96,crc,10,10,80,136,56,0.7,0.0005,0,0.0,0,True,True,True,0.05984306335449219,0.014781951904296875,CeBF77w}ll,CeBF77w}ll,
97,crc,10,10,80,136,56,0.7,0.0005,0,0.0,0,True,True,True,0.0667572021484375,0.018835067749023438,$+_4@{U^(K,$+_4@{U^(K,
98,crc,10,10,80,136,56,0.7,0.0005,0,0.0,0,True,True,True,0.06127357482910156,0.014066696166992188,0A9xz(T$8.,0A9xz(T$8.,
99,crc,10,10,80,136,56,0.7,0.001,0,0.0,0,True,True,True,0.06079673767089844,0.013828277587890625,"4q ,EY%CM4","4q ,EY%CM4",
100,crc,10,10,80,136,56,0.7,0.001,0,0.0,0,True,True,True,0.05984306335449219,0.014066696166992188,sA.t?lY..V,sA.t?lY..V,
101,crc,10,10,80,136,56,0.7,0.001,0,0.0,0,True,True,True,0.06008148193359375,0.014066696166992188,dzB:Kcm;;},dzB:Kcm;;},
102,crc,10,10,80,136,56,0.7,0.001,0,0.0,0,True,True,True,0.06008148193359375,0.013828277587890625,3a6mFfG+r4,3a6mFfG+r4,
103,crc,10,10,80,136,56,0.7,0.001,0,0.0,0,True,True,True,0.06008148193359375,0.014066696166992188,6>fRBh+j(T,6>fRBh+j(T,
104,crc,10,10,80,136,56,0.7,0.001,0,0.0,0,True,True,True,0.06008148193359375,0.014066696166992188,B:=>*&O]GR,B:=>*&O]GR,
105,crc,10,10,80,136,56,0.7,0.001,0,0.0,0,True,True,True,0.05984306335449219,0.013828277587890625,Pn>H<nBI4q,Pn>H<nBI4q,
106,crc,10,10,80,136,56,0.7,0.001,0,0.0,0,True,True,True,0.05984306335449219,0.014066696166992188,8AD}Rm5WX),8AD}Rm5WX),
107,crc,10,10,80,136,56,0.7,0.001,1,0.007352941176470588,0,False,False,True,0.047206878662109375,0.00095367431640625,",Zrh%FmUuT",,CRC validation failed
108,crc,10,10,80,136,56,0.7,0.001,0,0.0,0,True,True,True,0.06079673767089844,0.013589859008789062,"H#{.4,5+pu","H#{.4,5+pu",
109,crc,10,10,80,136,56,0.7,0.001,0,0.0,0,True,True,True,0.06389617919921875,0.01811981201171875,"UH,JjBG-nw","UH,JjBG-nw",
110,crc,10,10,80,136,56,0.7,0.002,0,0.0,0,True,True,True,0.07009506225585938,0.014066696166992188,w:PNRM#;h;,w:PNRM#;h;,
111,crc,10,10,80,136,56,0.7,0.002,0,0.0,0,True,True,True,0.0591278076171875,0.014066696166992188,@>}(Szs1?U,@>}(Szs1?U,
112,crc,10,10,80,136,56,0.7,0.002,0,0.0,0,True,True,True,0.05817413330078125,0.013113021850585938,rLAnW<j]#O,rLAnW<j]#O,
113,crc,10,10,80,136,56,0.7,0.002,0,0.0,0,True,True,True,0.05888938903808594,0.013828277587890625,0{1<1K6Y-7,0{1<1K6Y-7,
114,crc,10,10,80,136,56,0.7,0.002,1,0.007352941176470588,0,False,False,True,0.04458427429199219,0.00095367431640625,11g(tOZV0S,,CRC validation failed
115,crc,10,10,80,136,56,0.7,0.005,0,0.0,0,True,True,True,0.06580352783203125,0.015020370483398438,0:-Fq:Z}3;,0:-Fq:Z}3;,
116,crc,10,10,80,136,56,0.7,0.005,0,0.0,0,True,True,True,0.06198883056640625,0.014066696166992188,Kp[v8u3BBW,Kp[v8u3BBW,
117,crc,10,10,80,136,56,0.7,0.005,0,0.0,0,True,True,True,0.0591278076171875,0.014066696166992188,"Q9,%kcAJ6y","Q9,%kcAJ6y",
118,crc,10,10,80,136,56,0.7,0.005,1,0.007352941176470588,0,False,False,True,0.04506111145019531,0.00095367431640625,HBs8)P1hH!,,CRC validation failed
119,crc,10,10,80,136,56,0.7,0.005,2,0.014705882352941176,0,False,False,True,0.04601478576660156,0.00095367431640625,S]8]^2$.5O,,CRC validation failed
120,crc,20,20,160,216,56,0.35,0.0,0,0.0,0,True,True,True,0.10085105895996094,0.02574920654296875,"sE9<Cm[H0X,*)g$3QF$z","sE9<Cm[H0X,*)g$3QF$z",
121,crc,20,20,160,216,56,0.35,0.0,0,0.0,0,True,True,True,0.09703636169433594,0.026226043701171875,8(4<bM7D%HaHV9yQ3S4j,8(4<bM7D%HaHV9yQ3S4j,
122,crc,20,20,160,216,56,0.35,0.0,0,0.0,0,True,True,True,0.10991096496582031,0.025987625122070312,unA>cfVV1A7.$!zkw*Kt,unA>cfVV1A7.$!zkw*Kt,
123,crc,20,20,160,216,56,0.35,0.0,0,0.0,0,True,True,True,0.09703636169433594,0.025987625122070312,?4.!@|HJ8PV4N0]Kw>=+,?4.!@|HJ8PV4N0]Kw>=+,
124,crc,20,20,160,216,56,0.35,0.0,0,0.0,0,True,True,True,0.09608268737792969,0.025987625122070312,pf;5i4)_sf?6@_jrGXPC,pf;5i4)_sf?6@_jrGXPC,
125,crc,20,20,160,216,56,0.35,0.0,0,0.0,0,True,True,True,0.09703636169433594,0.025987625122070312,"3,Bsx}I<M|CkX=N{3i--","3,Bsx}I<M|CkX=N{3i--",
126,crc,20,20,160,216,56,0.35,0.0,0,0.0,0,True,True,True,0.09584426879882812,0.025987625122070312,"?C,IscxAOdlgtY1n4!|1","?C,IscxAOdlgtY1n4!|1",
127,crc,20,20,160,216,56,0.35,0.0,0,0.0,0,True,True,True,0.09703636169433594,0.026226043701171875,q?kg^8X(Pb$yJRg9kaK},q?kg^8X(Pb$yJRg9kaK},
128,crc,20,20,160,216,56,0.35,0.0,0,0.0,0,True,True,True,0.09608268737792969,0.026226043701171875,"r?J]U#?k[29[ZdaJs,fw","r?J]U#?k[29[ZdaJs,fw",
129,crc,20,20,160,216,56,0.35,0.0,0,0.0,0,True,True,True,0.09679794311523438,0.025987625122070312,V?%Xm+&RX#bM&STndDIz,V?%Xm+&RX#bM&STndDIz,
130,crc,20,20,160,216,56,0.35,0.0,0,0.0,0,True,True,True,0.09703636169433594,0.025987625122070312,a0Fq)O2pD%oOHKM{?kk+,a0Fq)O2pD%oOHKM{?kk+,
131,crc,20,20,160,216,56,0.35,0.0,0,0.0,0,True,True,True,0.09703636169433594,0.025987625122070312,_aef9ZT[wFh!|QWY=y&&,_aef9ZT[wFh!|QWY=y&&,
132,crc,20,20,160,216,56,0.35,0.0,0,0.0,0,True,True,True,0.09608268737792969,0.025987625122070312,V.il8 -:rvOl2.ih.D6n,V.il8 -:rvOl2.ih.D6n,
133,crc,20,20,160,216,56,0.35,0.0,0,0.0,0,True,True,True,0.09703636169433594,0.0247955322265625,X%Eu3NGnD1A!-HeNoI2#,X%Eu3NGnD1A!-HeNoI2#,
134,crc,20,20,160,216,56,0.35,0.0,0,0.0,0,True,True,True,0.09608268737792969,0.025272369384765625,TobhW(Q5Ug|jF1l?=K^4,TobhW(Q5Ug|jF1l?=K^4,
135,crc,20,20,160,216,56,0.35,0.0,0,0.0,0,True,True,True,0.09584426879882812,0.025033950805664062,{%kvRS{ilCeXzD!09eEk,{%kvRS{ilCeXzD!09eEk,
136,crc,20,20,160,216,56,0.35,0.0,0,0.0,0,True,True,True,0.09608268737792969,0.026226043701171875,kk2qN]rtdR;z;x$&EJct,kk2qN]rtdR;z;x$&EJct,
137,crc,20,20,160,216,56,0.35,0.0001,0,0.0,0,True,True,True,0.09608268737792969,0.026226043701171875,6=w:0<*:od-(swdcYMNa,6=w:0<*:od-(swdcYMNa,
138,crc,20,20,160,216,56,0.35,0.0001,0,0.0,0,True,True,True,0.09703636169433594,0.026226043701171875,FO3lAJRLc}3FT^UQ%YEw,FO3lAJRLc}3FT^UQ%YEw,
139,crc,20,20,160,216,56,0.35,0.0001,0,0.0,0,True,True,True,0.09608268737792969,0.026226043701171875,"lJu|{ow?v+s+,Zlz[$<e","lJu|{ow?v+s+,Zlz[$<e",
140,crc,20,20,160,216,56,0.35,0.0001,0,0.0,0,True,True,True,0.09584426879882812,0.025987625122070312,lGM6rggGREM@qBgD_Ya!,lGM6rggGREM@qBgD_Ya!,
141,crc,20,20,160,216,56,0.35,0.0001,0,0.0,0,True,True,True,0.09655952453613281,0.02574920654296875,m(v40%mr+4t>|;WC^8&<,m(v40%mr+4t>|;WC^8&<,
142,crc,20,20,160,216,56,0.35,0.0001,0,0.0,0,True,True,True,0.09703636169433594,0.0247955322265625,cVCsQ@T#(Q0^d0T |g>+,cVCsQ@T#(Q0^d0T |g>+,
143,crc,20,20,160,216,56,0.35,0.0001,0,0.0,0,True,True,True,0.09703636169433594,0.026941299438476562,"Hy$*:-LTMh&a5L6?G,}{","Hy$*:-LTMh&a5L6?G,}{",
144,crc,20,20,160,216,56,0.35,0.0001,0,0.0,0,True,True,True,0.09608268737792969,0.025987625122070312,}>y%y@@>WQ?jp)JNvH|y,}>y%y@@>WQ?jp)JNvH|y,
145,crc,20,20,160,216,56,0.35,0.0001,0,0.0,0,True,True,True,0.09703636169433594,0.025033950805664062,=.u_ERj]_1cplF1?Lxob,=.u_ERj]_1cplF1?Lxob,
146,crc,20,20,160,216,56,0.35,0.0001,0,0.0,0,True,True,True,0.10704994201660156,0.026226043701171875,KDMT1&}@&0U3a$hUf}0o,KDMT1&}@&0U3a$hUf}0o,
147,crc,20,20,160,216,56,0.35,0.0001,0,0.0,0,True,True,True,0.10514259338378906,0.026226043701171875,^A3zjt9lJI{up}AYR(8o,^A3zjt9lJI{up}AYR(8o,
148,crc,20,20,160,216,56,0.35,0.0005,0,0.0,0,True,True,True,0.1049041748046875,0.031948089599609375,Y4-5>z$]rR-|Rq4R=v9y,Y4-5>z$]rR-|Rq4R=v9y,
149,crc,20,20,160,216,56,0.35,0.0005,0,0.0,0,True,True,True,0.10275840759277344,0.0247955322265625,"T7hud:c;qR,}J{(|f C,","T7hud:c;qR,}J{(|f C,",
150,crc,20,20,160,216,56,0.35,0.0005,0,0.0,0,True,True,True,0.09894371032714844,0.02574920654296875,zgujAc[di|bMPD>IOQnA,zgujAc[di|bMPD>IOQnA,
151,crc,20,20,160,216,56,0.35,0.0005,0,0.0,0,True,True,True,0.09584426879882812,0.02574920654296875,0&#n3r{3R2aCX %AV>lw,0&#n3r{3R2aCX %AV>lw,
152,crc,20,20,160,216,56,0.35,0.0005,0,0.0,0,True,True,True,0.09703636169433594,0.025987625122070312,SI#a:<5))d5N=y#D6A2V,SI#a:<5))d5N=y#D6A2V,
153,crc,20,20,160,216,56,0.35,0.0005,0,0.0,0,True,True,True,0.09989738464355469,0.030040740966796875,qw!b>O.HB-}=cal|YZh_,qw!b>O.HB-}=cal|YZh_,
154,crc,20,20,160,216,56,0.35,0.0005,0,0.0,0,True,True,True,0.09703636169433594,0.025987625122070312,n!Wge$f}5S&}wW*7:?o[,n!Wge$f}5S&}wW*7:?o[,
155,crc,20,20,160,216,56,0.35,0.0005,0,0.0,0,True,True,True,0.09608268737792969,0.025987625122070312,1Sy?:RGK3P(R0%l+t{EC,1Sy?:RGK3P(R0%l+t{EC,
156,crc,20,20,160,216,56,0.35,0.0005,0,0.0,0,True,True,True,0.09489059448242188,0.0247955322265625,]QtSHfS}v?8t}2f[^f>k,]QtSHfS}v?8t}2f[^f>k,
157,crc,20,20,160,216,56,0.35,0.0005,0,0.0,0,True,True,True,0.09703636169433594,0.026226043701171875,-K?(Ewk %53G_tN>{!bY,-K?(Ewk %53G_tN>{!bY,
158,crc,20,20,160,216,56,0.35,0.0005,0,0.0,0,True,True,True,0.09918212890625,0.025033950805664062,u$hX6k=c2xNxUFygx=wd,u$hX6k=c2xNxUFygx=wd,
159,crc,20,20,160,216,56,0.35,0.001,0,0.0,0,True,True,True,0.09584426879882812,0.02574920654296875,9cH]sqF]cgz0-?oWR6LT,9cH]sqF]cgz0-?oWR6LT,
160,crc,20,20,160,216,56,0.35,0.001,0,0.0,0,True,True,True,0.1010894775390625,0.029802322387695312,"RJ:XV+g9b=YW,d^xI&5f","RJ:XV+g9b=YW,d^xI&5f",
161,crc,20,20,160,216,56,0.35,0.001,0,0.0,0,True,True,True,0.09703636169433594,0.026226043701171875,b]V:J47r62QkYup+@7ZZ,b]V:J47r62QkYup+@7ZZ,
162,crc,20,20,160,216,56,0.35,0.001,0,0.0,0,True,True,True,0.09584426879882812,0.025987625122070312,"CyS:,?,wF=8Dt}Fq]Hw?","CyS:,?,wF=8Dt}Fq]Hw?",
163,crc,20,20,160,216,56,0.35,0.001,0,0.0,0,True,True,True,0.09608268737792969,0.025033950805664062,"W]Sf!=?5,FI 6;,HZAVV","W]Sf!=?5,FI 6;,HZAVV",
164,crc,20,20,160,216,56,0.35,0.001,0,0.0,0,True,True,True,0.09584426879882812,0.025987625122070312,n(mZ}cR26CC6kPm.6SA$,n(mZ}cR26CC6kPm.6SA$,
165,crc,20,20,160,216,56,0.35,0.001,0,0.0,0,True,True,True,0.09584426879882812,0.025033950805664062,II6T$GyG:4#Vp{3=6&|i,II6T$GyG:4#Vp{3=6&|i,
166,crc,20,20,160,216,56,0.35,0.001,0,0.0,0,True,True,True,0.09703636169433594,0.0247955322265625,Y@t9 zGAr ?W24!t6*Sc,Y@t9 zGAr ?W24!t6*Sc,
167,crc,20,20,160,216,56,0.35,0.001,0,0.0,0,True,True,True,0.09703636169433594,0.025987625122070312,"sYG?89>NB.{@UqMht,#C","sYG?89>NB.{@UqMht,#C",
168,crc,20,20,160,216,56,0.35,0.001,0,0.0,0,True,True,True,0.09584426879882812,0.0247955322265625,)3x!.2.IT=?^XSv]ZJjg,)3x!.2.IT=?^XSv]ZJjg,
169,crc,20,20,160,216,56,0.35,0.001,0,0.0,0,True,True,True,0.09608268737792969,0.026226043701171875,qV-fqiQhUN!%{myV!Jly,qV-fqiQhUN!%{myV!Jly,
170,crc,20,20,160,216,56,0.35,0.002,1,0.004629629629629629,0,False,False,True,0.07104873657226562,0.0011920928955078125,)sBo2oAco)-K=O.9s>hJ,,CRC validation failed
171,crc,20,20,160,216,56,0.35,0.002,1,0.004629629629629629,0,False,False,True,0.07200241088867188,0.0011920928955078125,gE0P5Vk23{Q*_xrLq9aS,,CRC validation failed
172,crc,20,20,160,216,56,0.35,0.002,1,0.004629629629629629,0,False,False,True,0.07104873657226562,0.0,ZX%Pf&V@(zKo|WZ|eOtp,,CRC validation failed
173,crc,20,20,160,216,56,0.35,0.002,0,0.0,0,True,True,True,0.09584426879882812,0.025033950805664062,A*Z=UqCc>#j.MNip <5y,A*Z=UqCc>#j.MNip <5y,
174,crc,20,20,160,216,56,0.35,0.002,1,0.004629629629629629,0,False,False,True,0.07176399230957031,0.0,bqv4BiE0rAD-(U+4cxp[,,CRC validation failed
175,crc,20,20,160,216,56,0.35,0.005,1,0.004629629629629629,0,False,False,True,0.07200241088867188,0.0011920928955078125,"fc,-QG+i w1)Kx<[7H$T",,CRC validation failed
176,crc,20,20,160,216,56,0.35,0.005,1,0.004629629629629629,0,False,False,True,0.07081031799316406,0.00095367431640625,<!@t-Pz%OCW]or(3J#1V,,CRC validation failed
177,crc,20,20,160,216,56,0.35,0.005,0,0.0,0,True,True,True,0.09584426879882812,0.02574920654296875,sBD;aq}4+k0&uw!41Xr3,sBD;aq}4+k0&uw!41Xr3,
178,crc,20,20,160,216,56,0.35,0.005,3,0.013888888888888888,0,False,False,True,0.07605552673339844,0.00095367431640625,{u[RhW|<3$OPog^rG1OE,,CRC validation failed
179,crc,20,20,160,216,56,0.35,0.005,1,0.004629629629629629,0,False,False,True,0.07104873657226562,0.0,wwRJqjxW;h!fI*kkYU?n,,CRC validation failed
180,crc,50,50,400,456,56,0.14,0.0,0,0.0,0,True,True,True,0.21314620971679688,0.06103515625,"*(EaZa*t&YMmd<NtK43AE-p()6aJM5Y^wn(g43MV6s2X7,bA6g","*(EaZa*t&YMmd<NtK43AE-p()6aJM5Y^wn(g43MV6s2X7,bA6g",
181,crc,50,50,400,456,56,0.14,0.0,0,0.0,0,True,True,True,0.21028518676757812,0.06008148193359375,#^6+##q#I9MI-?+N^pE+}Bpd_[Sx{:?|VLvWLdgT}8roBKx}Vl,#^6+##q#I9MI-?+N^pE+}Bpd_[Sx{:?|VLvWLdgT}8roBKx}Vl,
182,crc,50,50,400,456,56,0.14,0.0,0,0.0,0,True,True,True,0.21004676818847656,0.06008148193359375,b1:yy%xUgFz0d&}q0Vysg38bFt]F-?(FS-py+Nmx)%V6}<{Li7,b1:yy%xUgFz0d&}q0Vysg38bFt]F-?(FS-py+Nmx)%V6}<{Li7,
183,crc,50,50,400,456,56,0.14,0.0,0,0.0,0,True,True,True,0.20885467529296875,0.05984306335449219,"GH@G.:v,+j(l=c;Zc=5cra<Pwd<HN)9:em;o!?gYd2&$VO)Mr<","GH@G.:v,+j(l=c;Zc=5cra<Pwd<HN)9:em;o!?gYd2&$VO)Mr<",
184,crc,50,50,400,456,56,0.14,0.0,0,0.0,0,True,True,True,0.2110004425048828,0.06103515625,"IyP=Y6PhHoE=>#RJcb=Z]MORkj?JiE@Da3^P,%@c,YXqJ4G_]d","IyP=Y6PhHoE=>#RJcb=Z]MORkj?JiE@Da3^P,%@c,YXqJ4G_]d",
185,crc,50,50,400,456,56,0.14,0.0,0,0.0,0,True,True,True,0.23102760314941406,0.07200241088867188,O )4n+<C6[hd<xF MP>q@EmQBI<:iv|WZw1FWBwj4:@)E{X]U0,O )4n+<C6[hd<xF MP>q@EmQBI<:iv|WZw1FWBwj4:@)E{X]U0,
186,crc,50,50,400,456,56,0.14,0.0,0,0.0,0,True,True,True,0.21004676818847656,0.06031990051269531,$lo^ABB7o1[N<PRw)m$!-0vh:7*+G!L<kcbr_<r0-r&6EHkZi[,$lo^ABB7o1[N<PRw)m$!-0vh:7*+G!L<kcbr_<r0-r&6EHkZi[,
187,crc,50,50,400,456,56,0.14,0.0,0,0.0,0,True,True,True,0.21409988403320312,0.06127357482910156,"YRt8ojE[x6Us^av$2cJ?b(zjds7RDS,Y*c-E^1S8YT$!A|ZLM_","YRt8ojE[x6Us^av$2cJ?b(zjds7RDS,Y*c-E^1S8YT$!A|ZLM_",
188,crc,50,50,400,456,56,0.14,0.0,0,0.0,0,True,True,True,0.21123886108398438,0.06127357482910156,}eL Wn}:CFqiR1LB&|6DC<yB{%vhxJgzc8= r5z0pAp&m.UVdl,}eL Wn}:CFqiR1LB&|6DC<yB{%vhxJgzc8= r5z0pAp&m.UVdl,
189,crc,50,50,400,456,56,0.14,0.0,0,0.0,0,True,True,True,0.21123886108398438,0.06008148193359375,"vQ5*9MfrDk?>Y,PkIX5Bnn-_Jy!l43D[*V%ggQ#ulS;Gp&8mMs","vQ5*9MfrDk?>Y,PkIX5Bnn-_Jy!l43D[*V%ggQ#ulS;Gp&8mMs",
190,crc,50,50,400,456,56,0.14,0.0,0,0.0,0,True,True,True,0.21195411682128906,0.06127357482910156,B?Lntul42<p#x|C$-{Q#M.q+hf]3{aRiszbq%cowQP.bp!BRi%,B?Lntul42<p#x|C$-{Q#M.q+hf]3{aRiszbq%cowQP.bp!BRi%,
191,crc,50,50,400,456,56,0.14,0.0,0,0.0,0,True,True,True,0.20933151245117188,0.06031990051269531,hH3<MD1r0K1u;;S3mGT2YG.7t;nSfws-wS[;m.ZX#Do>o<dh&6,hH3<MD1r0K1u;;S3mGT2YG.7t;nSfws-wS[;m.ZX#Do>o<dh&6,
192,crc,50,50,400,456,56,0.14,0.0,0,0.0,0,True,True,True,0.21696090698242188,0.0629425048828125,wdz@=z<i_10+u:J;n?2=;a^eS+G5f).jTGRqK<KXB&!txn_N__,wdz@=z<i_10+u:J;n?2=;a^eS+G5f).jTGRqK<KXB&!txn_N__,
193,crc,50,50,400,456,56,0.14,0.0,0,0.0,0,True,True,True,0.21505355834960938,0.06031990051269531,"B;]Z7MB,<oI}TBIh4L|2.9,xO1#[#CGv^?u}^:g?aU@>A04H,s","B;]Z7MB,<oI}TBIh4L|2.9,xO1#[#CGv^?u}^:g?aU@>A04H,s",
194,crc,50,50,400,456,56,0.14,0.0,0,0.0,0,True,True,True,0.21195411682128906,0.06031990051269531,"CP0$z[j*Q>gteAoo#bIMh39[:no*;imdkZQ+g25k,P@ra4Qfwx","CP0$z[j*Q>gteAoo#bIMh39[:no*;imdkZQ+g25k,P@ra4Qfwx",
195,crc,50,50,400,456,56,0.14,0.0,0,0.0,0,True,True,True,0.2148151397705078,0.06389617919921875,lG2nM44SD:)TO5b[NwA;uC?:^UAVV@KZueV E+KiPI%i+f2nZ[,lG2nM44SD:)TO5b[NwA;uC?:^UAVV@KZueV E+KiPI%i+f2nZ[,
196,crc,50,50,400,456,56,0.14,0.0,0,0.0,0,True,True,True,0.21195411682128906,0.06008148193359375,o@X%bco^stL=!NZgM9[*.668cJ!v*Zwycak^$sS+ZqWp)R0p8%,o@X%bco^stL=!NZgM9[*.668cJ!v*Zwycak^$sS+ZqWp)R0p8%,
197,crc,50,50,400,456,56,0.14,0.0001,0,0.0,0,True,True,True,0.2110004425048828,0.06008148193359375,"gBP*UY-XHM)L#}1L2]1zcY?0D<},_3{EV3w_[l9gd[r^#]RliM","gBP*UY-XHM)L#}1L2]1zcY?0D<},_3{EV3w_[l9gd[r^#]RliM",
198,crc,50,50,400,456,56,0.14,0.0001,0,0.0,0,True,True,True,0.2129077911376953,0.06103515625,dBhvb|U$>}6h7?a:sxd=a-0#.XlbxTP4: i!Kv};!7MxE)QoZ{,dBhvb|U$>}6h7?a:sxd=a-0#.XlbxTP4: i!Kv};!7MxE)QoZ{,
199,crc,50,50,400,456,56,0.14,0.0001,0,0.0,0,True,True,True,0.21719932556152344,0.06699562072753906,Rg@XBL<3)S!^R%Ca>f&c4qUGTaBa!bCsdlKnVIvsIU!*-gv9SI,Rg@XBL<3)S!^R%Ca>f&c4qUGTaBa!bCsdlKnVIvsIU!*-gv9SI,
200,crc,50,50,400,456,56,0.14,0.0001,0,0.0,0,True,True,True,0.213623046875,0.05984306335449219,"4<JE=.A<XJbMQE#A1ab!lfx<iROFj8,=ylOqqI7J8#(tb%$;?0","4<JE=.A<XJbMQE#A1ab!lfx<iROFj8,=ylOqqI7J8#(tb%$;?0",
201,crc,50,50,400,456,56,0.14,0.0001,0,0.0,0,True,True,True,0.2110004425048828,0.06103515625,#BT0& bh#H$du;zWWhyzSy?de!z6^LtmRPfvJ+IM5#+n54PV:W,#BT0& bh#H$du;zWWhyzSy?de!z6^LtmRPfvJ+IM5#+n54PV:W,
202,crc,50,50,400,456,56,0.14,0.0001,0,0.0,0,True,True,True,0.21791458129882812,0.0629425048828125,"CF<(Y 4Pf}rjs>h;nK:|9,|A?k[eC[o<(w:%WD1t.Y(r]wZHw^","CF<(Y 4Pf}rjs>h;nK:|9,|A?k[eC[o<(w:%WD1t.Y(r]wZHw^",
203,crc,50,50,400,456,56,0.14,0.0001,0,0.0,0,True,True,True,0.21004676818847656,0.06008148193359375,yJ0udwMOtqnX#aU.;}k[_c=jEo#VCY(1Cn0I2&!*GGw&j]-U=6,yJ0udwMOtqnX#aU.;}k[_c=jEo#VCY(1Cn0I2&!*GGw&j]-U=6,
204,crc,50,50,400,456,56,0.14,0.0001,0,0.0,0,True,True,True,0.22673606872558594,0.05984306335449219,")BV9(ZAL[KaI XJSUl<Bd?MIMT^ak3=sL +[N8;^lMX7e1V,(^",")BV9(ZAL[KaI XJSUl<Bd?MIMT^ak3=sL +[N8;^lMX7e1V,(^",
205,crc,50,50,400,456,56,0.14,0.0001,0,0.0,0,True,True,True,0.21004676818847656,0.0591278076171875,f+v?5YUT#9nyxmyy2:zcc2qczLJ#ZieS&VaW#qeXxuBMM{P&I&,f+v?5YUT#9nyxmyy2:zcc2qczLJ#ZieS&VaW#qeXxuBMM{P&I&,
206,crc,50,50,400,456,56,0.14,0.0001,0,0.0,0,True,True,True,0.21409988403320312,0.06008148193359375,"VK#At}2.{<a)-2aJ]:y3],CJLk(Aa+Fji_F5?E)w^HGAu7U>Nk","VK#At}2.{<a)-2aJ]:y3],CJLk(Aa+Fji_F5?E)w^HGAu7U>Nk",
207,crc,50,50,400,456,56,0.14,0.0001,0,0.0,0,True,True,True,0.21076202392578125,0.05984306335449219,s6vE4Gp+Uva!amCE[<eV(qYwx{DULi+A!<%=s:PY|1k?7a&)&l,s6vE4Gp+Uva!amCE[<eV(qYwx{DULi+A!<%=s:PY|1k?7a&)&l,
208,crc,50,50,400,456,56,0.14,0.0005,0,0.0,0,True,True,True,0.2110004425048828,0.06079673767089844,"Fv^f?h,F-]-=(]!63UQ&-ZEcXvi$k]<AyUh)H3v$}m^3HR{-#(","Fv^f?h,F-]-=(]!63UQ&-ZEcXvi$k]<AyUh)H3v$}m^3HR{-#(",
209,crc,50,50,400,456,56,0.14,0.0005,0,0.0,0,True,True,True,0.2110004425048828,0.06008148193359375,"]cMM(Ps;MpiU2yn.&Psm^szdpVE1(sTIXl#X-d!c(w^e3Yn,G$","]cMM(Ps;MpiU2yn.&Psm^szdpVE1(sTIXl#X-d!c(w^e3Yn,G$",
210,crc,50,50,400,456,56,0.14,0.0005,0,0.0,0,True,True,True,0.21004676818847656,0.06008148193359375,?GN<b?Gc(_Hvp$Y;]]E.wp-alkDvZq+W%tcFKIVxz*[zwa<Cya,?GN<b?Gc(_Hvp$Y;]]E.wp-alkDvZq+W%tcFKIVxz*[zwa<Cya,
211,crc,50,50,400,456,56,0.14,0.0005,0,0.0,0,True,True,True,0.209808349609375,0.05984306335449219,"=xPO-H@,]J@rGUC|7,exEU-N:KBL6V,{t))JVAk.V]^C4uJV+d","=xPO-H@,]J@rGUC|7,exEU-N:KBL6V,{t))JVAk.V]^C4uJV+d",
212,crc,50,50,400,456,56,0.14,0.0005,1,0.0021929824561403508,0,False,False,True,0.15616416931152344,0.0011920928955078125,U2B<0=yCUFd9o7zC%Cyp Q0XZaEMvx6ZOMI>=0o.H*P#:}:h?+,,CRC validation failed
213,crc,50,50,400,456,56,0.14,0.0005,1,0.0021929824561403508,0,False,False,True,0.15211105346679688,0.00095367431640625,2CEuW1swID9EtgU$g!hNVmJyL?+n0L&ImY!WC<b{*UXO fv}F<,,CRC validation failed
214,crc,50,50,400,456,56,0.14,0.0005,2,0.0043859649122807015,0,False,False,True,0.15211105346679688,0.0,0kVP5;CmOEENzWsnF|@ISokU0I;=rb-ew+yBo&|05q%u|a-7D:,,CRC validation failed
215,crc,50,50,400,456,56,0.14,0.0005,0,0.0,0,True,True,True,0.21576881408691406,0.06079673767089844,}CX2K8YzwuDyGBmLn0;lW&TMw@J}4_Y%w;=AD#4DCA[nauGC4Z,}CX2K8YzwuDyGBmLn0;lW&TMw@J}4_Y%w;=AD#4DCA[nauGC4Z,
216,crc,50,50,400,456,56,0.14,0.0005,0,0.0,0,True,True,True,0.2129077911376953,0.06079673767089844,"6E:[0(,M1R,H2u+m<R3MYxgD@:lx9C7^IXKC8OCS#FHSg3Yw0x","6E:[0(,M1R,H2u+m<R3MYxgD@:lx9C7^IXKC8OCS#FHSg3Yw0x",
217,crc,50,50,400,456,56,0.14,0.0005,0,0.0,0,True,True,True,0.2110004425048828,0.05984306335449219,^^PdYeB#pEJX Y;a0Q^:iq4RLyz98-o_TvS@S&65P|yx*ZL9v{,^^PdYeB#pEJX Y;a0Q^:iq4RLyz98-o_TvS@S&65P|yx*ZL9v{,
218,crc,50,50,400,456,56,0.14,0.0005,0,0.0,0,True,True,True,0.2110004425048828,0.06008148193359375,3zP@HJgQFGz:I1kicsthNKMasW5C_WY4Kha%-#=gE?i&rz$>7Z,3zP@HJgQFGz:I1kicsthNKMasW5C_WY4Kha%-#=gE?i&rz$>7Z,
219,crc,50,50,400,456,56,0.14,0.001,0,0.0,0,True,True,True,0.21195411682128906,0.06103515625,"]5!s},B!!BDwePeF104pJ7FecC=dF;>k3&t9l}uJAIn-Pc2>PL","]5!s},B!!BDwePeF104pJ7FecC=dF;>k3&t9l}uJAIn-Pc2>PL",
220,crc,50,50,400,456,56,0.14,0.001,0,0.0,0,True,True,True,0.20885467529296875,0.05888938903808594,G:k ZX4F@M.6l-eDT+tG)%(0vo*9b7h$*IR={1v&*6JXNK1RrK,G:k ZX4F@M.6l-eDT+tG)%(0vo*9b7h$*IR={1v&*6JXNK1RrK,
221,crc,50,50,400,456,56,0.14,0.001,0,0.0,0,True,True,True,0.2300739288330078,0.06008148193359375,FMx|brcMgXP5gx^kL=Mc6-X^*0a*%i>=cM*U3S1xvsfHFT1Oz[,FMx|brcMgXP5gx^kL=Mc6-X^*0a*%i>=cM*U3S1xvsfHFT1Oz[,
222,crc,50,50,400,456,56,0.14,0.001,0,0.0,0,True,True,True,0.21004676818847656,0.06103515625,"$>WeLDsHQ;jjh#D:4E9Sp|]61lzSR,$L5pyfVhiLG=zF|ZB6u2","$>WeLDsHQ;jjh#D:4E9Sp|]61lzSR,$L5pyfVhiLG=zF|ZB6u2",
223,crc,50,50,400,456,56,0.14,0.001,0,0.0,0,True,True,True,0.2090930938720703,0.06031990051269531,Is#oIg}d$csN)t4z5k+wWsQwNg;^ |_U<<)sej67ssR&!Rx#eW,Is#oIg}d$csN)t4z5k+wWsQwNg;^ |_U<<)sej67ssR&!Rx#eW,
224,crc,50,50,400,456,56,0.14,0.001,0,0.0,0,True,True,True,0.2110004425048828,0.06008148193359375,1-&MwRi<{6u=ealBCYj$&5a]w(PL>MPj>#4ZE:wurs)e&w ypo,1-&MwRi<{6u=ealBCYj$&5a]w(PL>MPj>#4ZE:wurs)e&w ypo,
225,crc,50,50,400,456,56,0.14,0.001,0,0.0,0,True,True,True,0.21123886108398438,0.06008148193359375,E(d0z1zRu}]y?gx$TTxnx(QG+WL$#rTrk#::*zQIYWveO+h$7Q,E(d0z1zRu}]y?gx$TTxnx(QG+WL$#rTrk#::*zQIYWveO+h$7Q,
226,crc,50,50,400,456,56,0.14,0.001,0,0.0,0,True,True,True,0.21123886108398438,0.06008148193359375,Qn(sjh}6%0Z=YSydtDhek#HJLZr<s:@2pgM4uf?-;EUVOm=Riq,Qn(sjh}6%0Z=YSydtDhek#HJLZr<s:@2pgM4uf?-;EUVOm=Riq,
227,crc,50,50,400,456,56,0.14,0.001,1,0.0021929824561403508,0,False,False,True,0.1518726348876953,0.0011920928955078125,ncJF}(3FmqWv@U- )}Y![Hcs?<jZ(-qUuyEMeH04:7(bkK%=Q),,CRC validation failed
228,crc,50,50,400,456,56,0.14,0.001,1,0.0021929824561403508,0,False,False,True,0.1518726348876953,0.0,o0h{?+&qVg7SG<-Rm+<D R:.yT*<j>nzk8ouw8uWbA[K)Cnk?t,,CRC validation failed
229,crc,50,50,400,456,56,0.14,0.001,0,0.0,0,True,True,True,0.20885467529296875,0.05984306335449219,BdL_US%oTlP6Rtu}YHC!ecC^3L3JKk[=TGu{07r0qr:%;<u+a ,BdL_US%oTlP6Rtu}YHC!ecC^3L3JKk[=TGu{07r0qr:%;<u+a ,
230,crc,50,50,400,456,56,0.14,0.002,3,0.006578947368421052,0,False,False,True,0.15282630920410156,0.0,q}emV-)&CyVJ{@*y.)|&_rajavA*r]F>7+_RZ5o!Dqp0b$y&pd,,CRC validation failed
231,crc,50,50,400,456,56,0.14,0.002,1,0.0021929824561403508,0,False,False,True,0.15211105346679688,0.00095367431640625,2y.9v><m381tWT6;bR9A(rzYOgq-D.v]P! qo#zexe@t5#{bk5,,CRC validation failed
232,crc,50,50,400,456,56,0.14,0.002,0,0.0,0,True,True,True,0.21195411682128906,0.06103515625,"!{5vX1-R*GF1mU,Xc[ c%[,cd|$nLr:@IY8|AZK+gjy?ElRx$y","!{5vX1-R*GF1mU,Xc[ c%[,cd|$nLr:@IY8|AZK+gjy?ElRx$y",
233,crc,50,50,400,456,56,0.14,0.002,0,0.0,0,True,True,True,0.2110004425048828,0.05984306335449219,"aLf16NyiNqrzhzH<V)vmO?@@<4y8x,Sd&}Jyvmx?wnz3TvB RK","aLf16NyiNqrzhzH<V)vmO?@@<4y8x,Sd&}Jyvmx?wnz3TvB RK",
234,crc,50,50,400,456,56,0.14,0.002,1,0.0021929824561403508,0,False,False,True,0.1518726348876953,0.00095367431640625,}|XJkC)+wd258a76w4!wf>yjnq)IhX7K3lZ-f;yacH> BJe5y*,,CRC validation failed
235,crc,50,50,400,456,56,0.14,0.005,0,0.0,0,True,True,True,0.2181529998779297,0.0629425048828125,"uH;u(lP&?n1[K;,AN|:?{gZxBKjL-v7edQ#.y}6b9ET!fbr-pS","uH;u(lP&?n1[K;,AN|:?{gZxBKjL-v7edQ#.y}6b9ET!fbr-pS",
236,crc,50,50,400,456,56,0.14,0.005,2,0.0043859649122807015,0,False,False,True,0.1537799835205078,0.0,"%X}sAdNc?M,,%&1Rt]Z(=f&vYUOmK9mc*tTUgmL:]@h36#R7ig",,CRC validation failed
237,crc,50,50,400,456,56,0.14,0.005,1,0.0021929824561403508,0,False,False,True,0.15306472778320312,0.00095367431640625,"@ot{#]zx6?TP4D[!Ci}qZt(3Os;Y6[rN@fZ-%phx,SH:<a(KV5",,CRC validation failed
238,crc,50,50,400,456,56,0.14,0.005,2,0.0043859649122807015,0,False,False,True,0.15282630920410156,0.0011920928955078125,[y{*c;jzk?j^S|aNSh5Y6BYk=-vQB12:UN5}SS<As;rF3b A@C,,CRC validation failed
239,crc,50,50,400,456,56,0.14,0.005,4,0.008771929824561403,0,False,False,True,0.15306472778320312,0.0,"tGsF[#7RVXZmBaX1MAIJ|g=+DV#aC,z$89bDXg?CC|#vPo+hA$",,CRC validation failed
240,hamming,5,5,40,160,120,3.0,0.0,0,0.0,0,True,True,False,0.06818771362304688,0.016927719116210938,%xh7x,%xh7x,
241,hamming,5,5,40,160,120,3.0,0.0,0,0.0,0,True,True,False,0.06508827209472656,0.015735626220703125,E q:G,E q:G,
242,hamming,5,5,40,160,120,3.0,0.0,0,0.0,0,True,True,False,0.06723403930664062,0.0152587890625,j&W{K,j&W{K,
243,hamming,5,5,40,160,120,3.0,0.0,0,0.0,0,True,True,False,0.06389617919921875,0.014781951904296875,&GuC7,&GuC7,
244,hamming,5,5,40,160,120,3.0,0.0,0,0.0,0,True,True,False,0.0629425048828125,0.015020370483398438,|jGX6,|jGX6,
245,hamming,5,5,40,160,120,3.0,0.0,0,0.0,0,True,True,False,0.0629425048828125,0.014781951904296875,LNW|F,LNW|F,
246,hamming,5,5,40,160,120,3.0,0.0,0,0.0,0,True,True,False,0.06389617919921875,0.015020370483398438,u#xTR,u#xTR,
247,hamming,5,5,40,160,120,3.0,0.0,0,0.0,0,True,True,False,0.06604194641113281,0.0171661376953125,_S$uH,_S$uH,
248,hamming,5,5,40,160,120,3.0,0.0,0,0.0,0,True,True,False,0.06508827209472656,0.015974044799804688,wDXcB,wDXcB,
249,hamming,5,5,40,160,120,3.0,0.0,0,0.0,0,True,True,False,0.064849853515625,0.014781951904296875,gvicz,gvicz,
250,hamming,5,5,40,160,120,3.0,0.0,0,0.0,0,True,True,False,0.06413459777832031,0.015020370483398438,m?0#q,m?0#q,
251,hamming,5,5,40,160,120,3.0,0.0,0,0.0,0,True,True,False,0.0629425048828125,0.015020370483398438,&}|)@,&}|)@,
252,hamming,5,5,40,160,120,3.0,0.0,0,0.0,0,True,True,False,0.06318092346191406,0.015020370483398438,"7,cE<","7,cE<",
253,hamming,5,5,40,160,120,3.0,0.0,0,0.0,0,True,True,False,0.0629425048828125,0.014066696166992188,mGl!*,mGl!*,
254,hamming,5,5,40,160,120,3.0,0.0,0,0.0,0,True,True,False,0.06413459777832031,0.014781951904296875,TkJwO,TkJwO,
255,hamming,5,5,40,160,120,3.0,0.0,0,0.0,0,True,True,False,0.0629425048828125,0.015020370483398438,iJPP0,iJPP0,
256,hamming,5,5,40,160,120,3.0,0.0,0,0.0,0,True,True,False,0.0629425048828125,0.013828277587890625,0:9:A,0:9:A,
257,hamming,5,5,40,160,120,3.0,0.0001,0,0.0,0,True,True,False,0.06341934204101562,0.0152587890625,k6P7k,k6P7k,
258,hamming,5,5,40,160,120,3.0,0.0001,0,0.0,0,True,True,False,0.0629425048828125,0.014066696166992188,5GDF*,5GDF*,
259,hamming,5,5,40,160,120,3.0,0.0001,0,0.0,0,True,True,False,0.0629425048828125,0.014781951904296875,fcLk[,fcLk[,
260,hamming,5,5,40,160,120,3.0,0.0001,0,0.0,0,True,True,False,0.0629425048828125,0.015020370483398438,jwl2-,jwl2-,
261,hamming,5,5,40,160,120,3.0,0.0001,0,0.0,0,True,True,False,0.06818771362304688,0.019073486328125,]TGoT,]TGoT,
262,hamming,5,5,40,160,120,3.0,0.0001,0,0.0,0,True,True,False,0.06389617919921875,0.014781951904296875,C)MVZ,C)MVZ,
263,hamming,5,5,40,160,120,3.0,0.0001,0,0.0,0,True,True,False,0.0629425048828125,0.015020370483398438,iVEri,iVEri,
264,hamming,5,5,40,160,120,3.0,0.0001,0,0.0,0,True,True,False,0.0629425048828125,0.015020370483398438,YDk.&,YDk.&,
265,hamming,5,5,40,160,120,3.0,0.0001,0,0.0,0,True,True,False,0.06413459777832031,0.014781951904296875,qkr=t,qkr=t,
266,hamming,5,5,40,160,120,3.0,0.0001,0,0.0,0,True,True,False,0.06389617919921875,0.015020370483398438,o@%td,o@%td,
267,hamming,5,5,40,160,120,3.0,0.0001,0,0.0,0,True,True,False,0.06318092346191406,0.015020370483398438,>7XrI,>7XrI,
268,hamming,5,5,40,160,120,3.0,0.0005,0,0.0,0,True,True,False,0.06389617919921875,0.013828277587890625,x(JOM,x(JOM,
269,hamming,5,5,40,160,120,3.0,0.0005,0,0.0,0,True,True,False,0.06413459777832031,0.0152587890625,*YX>3,*YX>3,
270,hamming,5,5,40,160,120,3.0,0.0005,0,0.0,0,True,True,False,0.06723403930664062,0.0152587890625,"gp,Yj","gp,Yj",
271,hamming,5,5,40,160,120,3.0,0.0005,0,0.0,0,True,True,False,0.0629425048828125,0.014781951904296875,u0|zS,u0|zS,
272,hamming,5,5,40,160,120,3.0,0.0005,0,0.0,0,True,True,False,0.06389617919921875,0.015020370483398438,?_19r,?_19r,
273,hamming,5,5,40,160,120,3.0,0.0005,1,0.00625,0,False,False,False,0.04887580871582031,0.0007152557373046875,l.]c2,,CRC validation failed
274,hamming,5,5,40,160,120,3.0,0.0005,0,0.0,0,True,True,False,0.06389617919921875,0.015020370483398438,gCt{y,gCt{y,
275,hamming,5,5,40,160,120,3.0,0.0005,0,0.0,0,True,True,False,0.0629425048828125,0.014781951904296875,xUa<9,xUa<9,
276,hamming,5,5,40,160,120,3.0,0.0005,0,0.0,0,True,True,False,0.0629425048828125,0.015020370483398438,b&:Zh,b&:Zh,
277,hamming,5,5,40,160,120,3.0,0.0005,0,0.0,0,True,True,False,0.0629425048828125,0.014781951904296875,m}w8L,m}w8L,
278,hamming,5,5,40,160,120,3.0,0.0005,0,0.0,0,True,True,False,0.06604194641113281,0.015735626220703125,(o@-g,(o@-g,
279,hamming,5,5,40,160,120,3.0,0.001,0,0.0,0,True,True,False,0.06699562072753906,0.014781951904296875,kf{{<,kf{{<,
280,hamming,5,5,40,160,120,3.0,0.001,0,0.0,0,True,True,False,0.064849853515625,0.0152587890625,$9K21,$9K21,
281,hamming,5,5,40,160,120,3.0,0.001,0,0.0,0,True,True,False,0.0629425048828125,0.0152587890625,) #|U,) #|U,
282,hamming,5,5,40,160,120,3.0,0.001,0,0.0,0,True,True,False,0.06389617919921875,0.013828277587890625,6< hm,6< hm,
283,hamming,5,5,40,160,120,3.0,0.001,0,0.0,0,True,True,False,0.06389617919921875,0.015020370483398438,"Xb9,s","Xb9,s",
284,hamming,5,5,40,160,120,3.0,0.001,1,0.00625,0,False,False,False,0.049114227294921875,0.0,09Q8),,CRC validation failed
285,hamming,5,5,40,160,120,3.0,0.001,0,0.0,0,True,True,False,0.0629425048828125,0.015020370483398438,aLPZN,aLPZN,
286,hamming,5,5,40,160,120,3.0,0.001,1,0.00625,0,False,False,False,0.049114227294921875,0.00095367431640625,G9z34,,CRC validation failed
287,hamming,5,5,40,160,120,3.0,0.001,0,0.0,0,True,True,False,0.06318092346191406,0.015020370483398438,[P4rw,[P4rw,
288,hamming,5,5,40,160,120,3.0,0.001,0,0.0,0,True,True,False,0.06389617919921875,0.015020370483398438,>*u%M,>*u%M,
289,hamming,5,5,40,160,120,3.0,0.001,0,0.0,0,True,True,False,0.06699562072753906,0.019073486328125,[8}4D,[8}4D,
290,hamming,5,5,40,160,120,3.0,0.002,0,0.0,0,True,True,False,0.06699562072753906,0.015020370483398438,#=]jW,#=]jW,
291,hamming,5,5,40,160,120,3.0,0.002,0,0.0,0,True,True,False,0.06413459777832031,0.0152587890625,vM8f2,vM8f2,
292,hamming,5,5,40,160,120,3.0,0.002,0,0.0,0,True,True,False,0.0629425048828125,0.014781951904296875,l3;>f,l3;>f,
293,hamming,5,5,40,160,120,3.0,0.002,0,0.0,0,True,True,False,0.06389617919921875,0.014066696166992188,QqNIu,QqNIu,
294,hamming,5,5,40,160,120,3.0,0.002,0,0.0,0,True,True,False,0.06413459777832031,0.0152587890625,=C66t,=C66t,
295,hamming,5,5,40,160,120,3.0,0.005,0,0.0,0,True,True,False,0.0629425048828125,0.014781951904296875,=2Sq7,=2Sq7,
296,hamming,5,5,40,160,120,3.0,0.005,4,0.025,0,False,False,False,0.04982948303222656,0.00095367431640625,^QYIx,,CRC validation failed
297,hamming,5,5,40,160,120,3.0,0.005,1,0.00625,0,False,False,False,0.04935264587402344,0.0011920928955078125,oT!H_,,CRC validation failed
298,hamming,5,5,40,160,120,3.0,0.005,2,0.0125,0,False,False,False,0.051975250244140625,0.0011920928955078125,e(w{_,,CRC validation failed
299,hamming,5,5,40,160,120,3.0,0.005,3,0.01875,0,False,False,False,0.04887580871582031,0.00095367431640625,o3(lk,,CRC validation failed
300,hamming,10,10,80,232,152,1.9,0.0,0,0.0,0,True,True,False,0.1010894775390625,0.028133392333984375,"8)W<AY+,8o","8)W<AY+,8o",
301,hamming,10,10,80,232,152,1.9,0.0,0,0.0,0,True,True,False,0.10085105895996094,0.027894973754882812,%qV7 |O(8^,%qV7 |O(8^,
302,hamming,10,10,80,232,152,1.9,0.0,0,0.0,0,True,True,False,0.11014938354492188,0.031948089599609375,w1{@a%e9c7,w1{@a%e9c7,
303,hamming,10,10,80,232,152,1.9,0.0,0,0.0,0,True,True,False,0.11277198791503906,0.027894973754882812,4r)1[$&5l^,4r)1[$&5l^,
304,hamming,10,10,80,232,152,1.9,0.0,0,0.0,0,True,True,False,0.102996826171875,0.026941299438476562,<tw_lEsi]^,<tw_lEsi]^,
305,hamming,10,10,80,232,152,1.9,0.0,0,0.0,0,True,True,False,0.09989738464355469,0.027894973754882812,!]YlI}?o)8,!]YlI}?o)8,
306,hamming,10,10,80,232,152,1.9,0.0,0,0.0,0,True,True,False,0.09989738464355469,0.027894973754882812,kd:C!GX:l],kd:C!GX:l],
307,hamming,10,10,80,232,152,1.9,0.0,0,0.0,0,True,True,False,0.09918212890625,0.026941299438476562,GG3V_;nN]r,GG3V_;nN]r,
308,hamming,10,10,80,232,152,1.9,0.0,0,0.0,0,True,True,False,0.10585784912109375,0.027894973754882812,+im2t]|eZE,+im2t]|eZE,
309,hamming,10,10,80,232,152,1.9,0.0,0,0.0,0,True,True,False,0.10323524475097656,0.028133392333984375,p>@WAT^iye,p>@WAT^iye,
310,hamming,10,10,80,232,152,1.9,0.0,0,0.0,0,True,True,False,0.10085105895996094,0.026941299438476562,^xHY@2f _p,^xHY@2f _p,
311,hamming,10,10,80,232,152,1.9,0.0,0,0.0,0,True,True,False,0.10704994201660156,0.03409385681152344,CKmk=i>ES:,CKmk=i>ES:,
312,hamming,10,10,80,232,152,1.9,0.0,0,0.0,0,True,True,False,0.11110305786132812,0.030040740966796875,@#B&=mGzRL,@#B&=mGzRL,
313,hamming,10,10,80,232,152,1.9,0.0,0,0.0,0,True,True,False,0.11277198791503906,0.030994415283203125,ph*xzlk=T-,ph*xzlk=T-,
314,hamming,10,10,80,232,152,1.9,0.0,0,0.0,0,True,True,False,0.10514259338378906,0.026941299438476562,:b;! Dq.Tw,:b;! Dq.Tw,
315,hamming,10,10,80,232,152,1.9,0.0,0,0.0,0,True,True,False,0.10323524475097656,0.028133392333984375,",[MIU|!cA(",",[MIU|!cA(",
316,hamming,10,10,80,232,152,1.9,0.0,0,0.0,0,True,True,False,0.11706352233886719,0.030994415283203125,"tR,5U:]pH6","tR,5U:]pH6",
317,hamming,10,10,80,232,152,1.9,0.0001,0,0.0,0,True,True,False,0.11277198791503906,0.027894973754882812,@!atC1R+9;,@!atC1R+9;,
318,hamming,10,10,80,232,152,1.9,0.0001,0,0.0,0,True,True,False,0.10013580322265625,0.028133392333984375,@;@^r@k;Kt,@;@^r@k;Kt,
319,hamming,10,10,80,232,152,1.9,0.0001,0,0.0,0,True,True,False,0.09965896606445312,0.026702880859375,>XSqgH7=Yr,>XSqgH7=Yr,
320,hamming,10,10,80,232,152,1.9,0.0001,0,0.0,0,True,True,False,0.09989738464355469,0.026941299438476562,l7^f^!Ocgb,l7^f^!Ocgb,
321,hamming,10,10,80,232,152,1.9,0.0001,0,0.0,0,True,True,False,0.09894371032714844,0.027179718017578125,w>[%T-<sn2,w>[%T-<sn2,
322,hamming,10,10,80,232,152,1.9,0.0001,0,0.0,0,True,True,False,0.09918212890625,0.027179718017578125,L{SM<Ns.c?,L{SM<Ns.c?,
323,hamming,10,10,80,232,152,1.9,0.0001,0,0.0,0,True,True,False,0.09918212890625,0.027179718017578125,En^0fKOmky,En^0fKOmky,
324,hamming,10,10,80,232,152,1.9,0.0001,0,0.0,0,True,True,False,0.09870529174804688,0.026702880859375,:Ab amJh^t,:Ab amJh^t,
325,hamming,10,10,80,232,152,1.9,0.0001,0,0.0,0,True,True,False,0.09799003601074219,0.026702880859375,XaUHPXd20[,XaUHPXd20[,
326,hamming,10,10,80,232,152,1.9,0.0001,0,0.0,0,True,True,False,0.10013580322265625,0.027894973754882812,X9kh4xAwKH,X9kh4xAwKH,
327,hamming,10,10,80,232,152,1.9,0.0001,1,0.004310344827586207,0,False,False,False,0.07295608520507812,0.0,Vlbvtk)jfA,,CRC validation failed
328,hamming,10,10,80,232,152,1.9,0.0005,0,0.0,0,True,True,False,0.10013580322265625,0.028133392333984375,";D,v!=X(Y7",";D,v!=X(Y7",
329,hamming,10,10,80,232,152,1.9,0.0005,0,0.0,0,True,True,False,0.09894371032714844,0.027179718017578125,",so8mCva:N",",so8mCva:N",
330,hamming,10,10,80,232,152,1.9,0.0005,1,0.004310344827586207,0,False,False,False,0.07295608520507812,0.0,Y<?stYyo@6,,CRC validation failed
331,hamming,10,10,80,232,152,1.9,0.0005,0,0.0,0,True,True,False,0.09799003601074219,0.027179718017578125,HloHDFiDw^,HloHDFiDw^,
332,hamming,10,10,80,232,152,1.9,0.0005,1,0.004310344827586207,0,False,False,False,0.07390975952148438,0.0,J mN7oSJ]&,,CRC validation failed
333,hamming,10,10,80,232,152,1.9,0.0005,1,0.004310344827586207,0,False,False,False,0.07295608520507812,0.00095367431640625,6V:}aXeU h,,CRC validation failed
334,hamming,10,10,80,232,152,1.9,0.0005,0,0.0,0,True,True,False,0.10013580322265625,0.026941299438476562,XvS?(7FNf%,XvS?(7FNf%,
335,hamming,10,10,80,232,152,1.9,0.0005,0,0.0,0,True,True,False,0.10395050048828125,0.027894973754882812,HQtM1LRqMv,HQtM1LRqMv,
336,hamming,10,10,80,232,152,1.9,0.0005,0,0.0,0,True,True,False,0.10013580322265625,0.027179718017578125,*_pO3w=Ki;,*_pO3w=Ki;,
337,hamming,10,10,80,232,152,1.9,0.0005,0,0.0,0,True,True,False,0.10704994201660156,0.026941299438476562,7C8*fZAAKC,7C8*fZAAKC,
338,hamming,10,10,80,232,152,1.9,0.0005,0,0.0,0,True,True,False,0.102996826171875,0.028133392333984375,f%-0u>|d3V,f%-0u>|d3V,
339,hamming,10,10,80,232,152,1.9,0.001,0,0.0,0,True,True,False,0.09894371032714844,0.026941299438476562,$[cG{xNVcB,$[cG{xNVcB,
340,hamming,10,10,80,232,152,1.9,0.001,0,0.0,0,True,True,False,0.10013580322265625,0.028133392333984375,di$)pBSS!i,di$)pBSS!i,
341,hamming,10,10,80,232,152,1.9,0.001,0,0.0,0,True,True,False,0.09894371032714844,0.026941299438476562,"sJ:Y9@{s,|","sJ:Y9@{s,|",
342,hamming,10,10,80,232,152,1.9,0.001,1,0.004310344827586207,0,False,False,False,0.07414817810058594,0.0011920928955078125,;K7IxM?Td),,CRC validation failed
343,hamming,10,10,80,232,152,1.9,0.001,0,0.0,0,True,True,False,0.10013580322265625,0.028133392333984375,|<GgYi14@A,|<GgYi14@A,
344,hamming,10,10,80,232,152,1.9,0.001,0,0.0,0,True,True,False,0.10180473327636719,0.026941299438476562,Hs>@Htk7E4,Hs>@Htk7E4,
345,hamming,10,10,80,232,152,1.9,0.001,0,0.0,0,True,True,False,0.10013580322265625,0.027179718017578125,$*Ek]w):3],$*Ek]w):3],
346,hamming,10,10,80,232,152,1.9,0.001,0,0.0,0,True,True,False,0.09989738464355469,0.028133392333984375,}T@aVMt(!6,}T@aVMt(!6,
347,hamming,10,10,80,232,152,1.9,0.001,0,0.0,0,True,True,False,0.09799003601074219,0.026941299438476562,.]7Vck)R7r,.]7Vck)R7r,
348,hamming,10,10,80,232,152,1.9,0.001,0,0.0,0,True,True,False,0.10323524475097656,0.028133392333984375,omMR6BS[hL,omMR6BS[hL,
349,hamming,10,10,80,232,152,1.9,0.001,0,0.0,0,True,True,False,0.10013580322265625,0.027179718017578125,-}k^:e*LID,-}k^:e*LID,
350,hamming,10,10,80,232,152,1.9,0.002,0,0.0,0,True,True,False,0.09894371032714844,0.026702880859375,&qUDR%V|t>,&qUDR%V|t>,
351,hamming,10,10,80,232,152,1.9,0.002,0,0.0,0,True,True,False,0.09918212890625,0.027894973754882812,sV%GoqqZ3_,sV%GoqqZ3_,
352,hamming,10,10,80,232,152,1.9,0.002,1,0.004310344827586207,0,False,False,False,0.07295608520507812,0.0011920928955078125, %pI6IOz>y,,CRC validation failed
353,hamming,10,10,80,232,152,1.9,0.002,0,0.0,0,True,True,False,0.10013580322265625,0.027894973754882812,kuD7L[+a7j,kuD7L[+a7j,
354,hamming,10,10,80,232,152,1.9,0.002,1,0.004310344827586207,0,False,False,False,0.07295608520507812,0.00095367431640625,;SDSYj;.6a,,CRC validation failed
355,hamming,10,10,80,232,152,1.9,0.005,2,0.008620689655172414,0,False,False,False,0.07390975952148438,0.00095367431640625,4ghN5_IpdH,,CRC validation failed
356,hamming,10,10,80,232,152,1.9,0.005,2,0.008620689655172414,0,False,False,False,0.07295608520507812,0.0007152557373046875,Q&ylju|}}[,,CRC validation failed
357,hamming,10,10,80,232,152,1.9,0.005,3,0.01293103448275862,0,False,False,False,0.07390975952148438,0.00095367431640625,Y}_c^g7Qk.,,CRC validation failed
358,hamming,10,10,80,232,152,1.9,0.005,0,0.0,0,True,True,False,0.09894371032714844,0.026941299438476562,.=0@=zYSB!,.=0@=zYSB!,
359,hamming,10,10,80,232,152,1.9,0.005,2,0.008620689655172414,0,False,False,False,0.07414817810058594,0.0011920928955078125,(7?-U3b[r?,,CRC validation failed
360,hamming,20,20,160,368,208,1.3,0.0,0,0.0,0,True,True,False,0.1709461212158203,0.05173683166503906,"Ya-!j{jX18nP<$]@.r,>","Ya-!j{jX18nP<$]@.r,>",
361,hamming,20,20,160,368,208,1.3,0.0,0,0.0,0,True,True,False,0.16999244689941406,0.051021575927734375,uWq78=K96&z=:u]26C[L,uWq78=K96&z=:u]26C[L,
362,hamming,20,20,160,368,208,1.3,0.0,0,0.0,0,True,True,False,0.16999244689941406,0.05125999450683594,5Y$5YuJNXB?qyuR ?:F ,5Y$5YuJNXB?qyuR ?:F ,
363,hamming,20,20,160,368,208,1.3,0.0,0,0.0,0,True,True,False,0.1690387725830078,0.04982948303222656,SikpAgi_>=-qdm{cQHUo,SikpAgi_>=-qdm{cQHUo,
364,hamming,20,20,160,368,208,1.3,0.0,0,0.0,0,True,True,False,0.16808509826660156,0.051021575927734375,E*l@9BRxp=Mo1%) X2?1,E*l@9BRxp=Mo1%) X2?1,
365,hamming,20,20,160,368,208,1.3,0.0,0,0.0,0,True,True,False,0.1709461212158203,0.05078315734863281,!mF&?PTY:UZ[;YxjCw2g,!mF&?PTY:UZ[;YxjCw2g,
366,hamming,20,20,160,368,208,1.3,0.0,0,0.0,0,True,True,False,0.17595291137695312,0.051021575927734375,&fx_P54iMY+a$1apq#v{,&fx_P54iMY+a$1apq#v{,
367,hamming,20,20,160,368,208,1.3,0.0,0,0.0,0,True,True,False,0.17786026000976562,0.05602836608886719,"J>a&D+j>meg0>#IoAUt,","J>a&D+j>meg0>#IoAUt,",
368,hamming,20,20,160,368,208,1.3,0.0,0,0.0,0,True,True,False,0.17309188842773438,0.051021575927734375,3jz5%O=sKF:xpml0hkjV,3jz5%O=sKF:xpml0hkjV,
369,hamming,20,20,160,368,208,1.3,0.0,0,0.0,0,True,True,False,0.17309188842773438,0.05125999450683594,_n%$Sjmn4yZd-2(9Or{q,_n%$Sjmn4yZd-2(9Or{q,
370,hamming,20,20,160,368,208,1.3,0.0,0,0.0,0,True,True,False,0.18215179443359375,0.051021575927734375,">#;B9KDk0,0!s*3_Ij.5",">#;B9KDk0,0!s*3_Ij.5",
371,hamming,20,20,160,368,208,1.3,0.0,0,0.0,0,True,True,False,0.1728534698486328,0.05412101745605469,z[;^F]ch-S?gLHQs;LXD,z[;^F]ch-S?gLHQs;LXD,
372,hamming,20,20,160,368,208,1.3,0.0,0,0.0,0,True,True,False,0.17690658569335938,0.051021575927734375,!*SwbBP-Hnzr_z;R7XfD,!*SwbBP-Hnzr_z;R7XfD,
373,hamming,20,20,160,368,208,1.3,0.0,0,0.0,0,True,True,False,0.16808509826660156,0.050067901611328125,6U)}8F:ZRriN AO<A]zT,6U)}8F:ZRriN AO<A]zT,
374,hamming,20,20,160,368,208,1.3,0.0,0,0.0,0,True,True,False,0.17189979553222656,0.050067901611328125,$w=UzDI?iLktnnH%j-8p,$w=UzDI?iLktnnH%j-8p,
375,hamming,20,20,160,368,208,1.3,0.0,0,0.0,0,True,True,False,0.16999244689941406,0.051021575927734375,gy]y)mnw#om.-H:IHojm,gy]y)mnw#om.-H:IHojm,
376,hamming,20,20,160,368,208,1.3,0.0,0,0.0,0,True,True,False,0.1690387725830078,0.051021575927734375,"y,51qT8UA:Sf6N}=Rt@a","y,51qT8UA:Sf6N}=Rt@a",
377,hamming,20,20,160,368,208,1.3,0.0001,0,0.0,0,True,True,False,0.1690387725830078,0.04982948303222656,b@+dI9WoK4LmfdLyZ<|),b@+dI9WoK4LmfdLyZ<|),
378,hamming,20,20,160,368,208,1.3,0.0001,1,0.002717391304347826,0,False,False,False,0.12183189392089844,0.0007152557373046875,8R8!FHQ1*ZG Z}WPMMQ},,CRC validation failed
379,hamming,20,20,160,368,208,1.3,0.0001,0,0.0,0,True,True,False,0.16999244689941406,0.05078315734863281,1XqBiFFY E7nI#a:zrx!,1XqBiFFY E7nI#a:zrx!,
380,hamming,20,20,160,368,208,1.3,0.0001,0,0.0,0,True,True,False,0.16880035400390625,0.05078315734863281,NA_oqAlVI^3t*HXLHy==,NA_oqAlVI^3t*HXLHy==,
381,hamming,20,20,160,368,208,1.3,0.0001,0,0.0,0,True,True,False,0.1709461212158203,0.051975250244140625,"g.32+wq4DOyq),X+se1Y","g.32+wq4DOyq),X+se1Y",
382,hamming,20,20,160,368,208,1.3,0.0001,0,0.0,0,True,True,False,0.1697540283203125,0.051021575927734375,ad9G4O*F0#[xriijz;bv,ad9G4O*F0#[xriijz;bv,
383,hamming,20,20,160,368,208,1.3,0.0001,0,0.0,0,True,True,False,0.16880035400390625,0.04982948303222656,MamL?H4)qAzH_] 8vo0F,MamL?H4)qAzH_] 8vo0F,
384,hamming,20,20,160,368,208,1.3,0.0001,0,0.0,0,True,True,False,0.1690387725830078,0.051021575927734375,%wLhUzeA76WU(9c)Too(,%wLhUzeA76WU(9c)Too(,
385,hamming,20,20,160,368,208,1.3,0.0001,0,0.0,0,True,True,False,0.1709461212158203,0.050067901611328125,PbYT.!daW$x3eAw.SP>i,PbYT.!daW$x3eAw.SP>i,
386,hamming,20,20,160,368,208,1.3,0.0001,0,0.0,0,True,True,False,0.17833709716796875,0.052928924560546875,hU-bt-s<TN*%X[JX<%)_,hU-bt-s<TN*%X[JX<%)_,
387,hamming,20,20,160,368,208,1.3,0.0001,0,0.0,0,True,True,False,0.16999244689941406,0.04982948303222656,Se%6l3gev>2|9qjB![81,Se%6l3gev>2|9qjB![81,
388,hamming,20,20,160,368,208,1.3,0.0005,0,0.0,0,True,True,False,0.1747608184814453,0.051975250244140625,;F4@bhl|F@sAF 3GR2tP,;F4@bhl|F@sAF 3GR2tP,
389,hamming,20,20,160,368,208,1.3,0.0005,0,0.0,0,True,True,False,0.1709461212158203,0.051021575927734375,a|XSs1E9l.] E<RWM7Q3,a|XSs1E9l.] E<RWM7Q3,
390,hamming,20,20,160,368,208,1.3,0.0005,0,0.0,0,True,True,False,0.16999244689941406,0.051021575927734375,aBfeW9&Y&bR+ovt^3 ;p,aBfeW9&Y&bR+ovt^3 ;p,
391,hamming,20,20,160,368,208,1.3,0.0005,0,0.0,0,True,True,False,0.1690387725830078,0.051021575927734375,.lcLNf5wf.w.iN{3ED@V,.lcLNf5wf.w.iN{3ED@V,
392,hamming,20,20,160,368,208,1.3,0.0005,0,0.0,0,True,True,False,0.16808509826660156,0.050067901611328125,"DHIo2,E%z6M g_[CFq0I","DHIo2,E%z6M g_[CFq0I",
393,hamming,20,20,160,368,208,1.3,0.0005,0,0.0,0,True,True,False,0.16999244689941406,0.051021575927734375,"-,G+=_RE,s,6mD<eyn_}","-,G+=_RE,s,6mD<eyn_}",
394,hamming,20,20,160,368,208,1.3,0.0005,0,0.0,0,True,True,False,0.16927719116210938,0.05125999450683594,2r[b9){!(=596V!&2n6z,2r[b9){!(=596V!&2n6z,
395,hamming,20,20,160,368,208,1.3,0.0005,0,0.0,0,True,True,False,0.16999244689941406,0.05078315734863281,BFE_.W:5C0?fQK^|]tO-,BFE_.W:5C0?fQK^|]tO-,
396,hamming,20,20,160,368,208,1.3,0.0005,1,0.002717391304347826,0,False,False,False,0.11992454528808594,0.00095367431640625,<T6yK:zq=j93#@#lt()P,,CRC validation failed
397,hamming,20,20,160,368,208,1.3,0.0005,0,0.0,0,True,True,False,0.1678466796875,0.05078315734863281,"{&,B<SUi!v.Iv5n)[2IH","{&,B<SUi!v.Iv5n)[2IH",
398,hamming,20,20,160,368,208,1.3,0.0005,0,0.0,0,True,True,False,0.1678466796875,0.051021575927734375,"jd}|#Mn0W,$#dIIT0w$:","jd}|#Mn0W,$#dIIT0w$:",
399,hamming,20,20,160,368,208,1.3,0.001,0,0.0,0,True,True,False,0.16999244689941406,0.05125999450683594,<{vYUCYiQ +IT$x$+y(C,<{vYUCYiQ +IT$x$+y(C,
400,hamming,20,20,160,368,208,1.3,0.001,0,0.0,0,True,True,False,0.18405914306640625,0.051021575927734375,NkdbQ{[pb?|zT+u &>p[,NkdbQ{[pb?|zT+u &>p[,
401,hamming,20,20,160,368,208,1.3,0.001,0,0.0,0,True,True,False,0.17070770263671875,0.051021575927734375,MCCn$gq7mKRzMs8@rY).,MCCn$gq7mKRzMs8@rY).,
402,hamming,20,20,160,368,208,1.3,0.001,0,0.0,0,True,True,False,0.1742839813232422,0.05125999450683594,;;zL&!pI((Dn;m6^G.XC,;;zL&!pI((Dn;m6^G.XC,
403,hamming,20,20,160,368,208,1.3,0.001,0,0.0,0,True,True,False,0.16880035400390625,0.05078315734863281,";Z6XN:^2*t,(%[2CY<z>",";Z6XN:^2*t,(%[2CY<z>",
404,hamming,20,20,160,368,208,1.3,0.001,0,0.0,0,True,True,False,0.16880035400390625,0.05078315734863281,:Jl(*-Z>$rkGaZWMn pO,:Jl(*-Z>$rkGaZWMn pO,
405,hamming,20,20,160,368,208,1.3,0.001,0,0.0,0,True,True,False,0.16999244689941406,0.051021575927734375,doIVoL)e qRP:#FVVi;3,doIVoL)e qRP:#FVVi;3,
406,hamming,20,20,160,368,208,1.3,0.001,0,0.0,0,True,True,False,0.16832351684570312,0.05030632019042969,:5!YhK1AC%Cq zheylDD,:5!YhK1AC%Cq zheylDD,
407,hamming,20,20,160,368,208,1.3,0.001,0,0.0,0,True,True,False,0.16808509826660156,0.050067901611328125,.L<;kY<-r2[YQ_2x>o[G,.L<;kY<-r2[YQ_2x>o[G,
408,hamming,20,20,160,368,208,1.3,0.001,0,0.0,0,True,True,False,0.17189979553222656,0.04982948303222656,7CpSvRwxf9JMPyWVyjI:,7CpSvRwxf9JMPyWVyjI:,
409,hamming,20,20,160,368,208,1.3,0.001,2,0.005434782608695652,0,False,False,False,0.11992454528808594,0.00095367431640625,MUT|be3VKA@3#?t; kc<,,CRC validation failed
410,hamming,20,20,160,368,208,1.3,0.002,1,0.002717391304347826,0,False,False,False,0.11897087097167969,0.00095367431640625,"tzaso]ahX#=z,Y?_rO56",,CRC validation failed
411,hamming,20,20,160,368,208,1.3,0.002,0,0.0,0,True,True,False,0.17404556274414062,0.051975250244140625,X+pj%6kZ{|I>nY>Y(WcO,X+pj%6kZ{|I>nY>Y(WcO,
412,hamming,20,20,160,368,208,1.3,0.002,0,0.0,0,True,True,False,0.16880035400390625,0.051021575927734375,"gu9o^,0G*aUq-WH^Uf4f","gu9o^,0G*aUq-WH^Uf4f",
413,hamming,20,20,160,368,208,1.3,0.002,2,0.005434782608695652,0,False,False,False,0.11897087097167969,0.00095367431640625,%Y)1w_iCg<AK<jj;|9lR,,CRC validation failed
414,hamming,20,20,160,368,208,1.3,0.002,0,0.0,0,True,True,False,0.1678466796875,0.051021575927734375,4f%0HtasJc^i5$MIaDBi,4f%0HtasJc^i5$MIaDBi,
415,hamming,20,20,160,368,208,1.3,0.005,0,0.0,0,True,True,False,0.17118453979492188,0.051021575927734375,q!>8fD*Ac=tWbR>%]B8s,q!>8fD*Ac=tWbR>%]B8s,
416,hamming,20,20,160,368,208,1.3,0.005,3,0.008152173913043478,0,False,False,False,0.12111663818359375,0.0011920928955078125,"XG|lF-Co9@D,nGO+<LK]",,CRC validation failed
417,hamming,20,20,160,368,208,1.3,0.005,2,0.005434782608695652,0,False,False,False,0.1201629638671875,0.00095367431640625,UQ[c*@-<5@<ZE80&ZZ!#,,CRC validation failed
418,hamming,20,20,160,368,208,1.3,0.005,4,0.010869565217391304,0,False,False,False,0.12874603271484375,0.0007152557373046875,FGilt>Au=GC)UBf{8eQs,,CRC validation failed
419,hamming,20,20,160,368,208,1.3,0.005,2,0.005434782608695652,0,False,False,False,0.13303756713867188,0.0011920928955078125,LXYLaWhxH6w}oZZf%:Bs,,CRC validation failed
420,hamming,50,50,400,792,392,0.98,0.0,0,0.0,0,True,True,False,0.38814544677734375,0.1201629638671875,"{-v?9bRFzA #,6{1:UMzaHoCcx)SYBzirOE(]f!n4x)u;evfXn","{-v?9bRFzA #,6{1:UMzaHoCcx)SYBzirOE(]f!n4x)u;evfXn",
421,hamming,50,50,400,792,392,0.98,0.0,0,0.0,0,True,True,False,0.38886070251464844,0.12183189392089844,"47mePz,&g>}5&88 >C}Dpws1BL&Yy<9kSXpWwsUyRw%fUiv%Rc","47mePz,&g>}5&88 >C}Dpws1BL&Yy<9kSXpWwsUyRw%fUiv%Rc",
422,hamming,50,50,400,792,392,0.98,0.0,0,0.0,0,True,True,False,0.3821849822998047,0.11897087097167969,"-WO,-{ZY3ckPVc*?)u5 ^z[8H)FDZhvW}{$DBc+n%7u_3[4,Fo","-WO,-{ZY3ckPVc*?)u5 ^z[8H)FDZhvW}{$DBc+n%7u_3[4,Fo",
423,hamming,50,50,400,792,392,0.98,0.0,0,0.0,0,True,True,False,0.3867149353027344,0.11968612670898438,A0 _pFmb}D!PXc IPivSBL2bQtqa(;*20x]#Nj{.5 <rFU)}= ,A0 _pFmb}D!PXc IPivSBL2bQtqa(;*20x]#Nj{.5 <rFU)}= ,
424,hamming,50,50,400,792,392,0.98,0.0,0,0.0,0,True,True,False,0.38123130798339844,0.11992454528808594,Jwd2;$u]Jre[PCEM[W-A|uOOIg(wsBS<QPq@zjNf@9A;Lvn_.L,Jwd2;$u]Jre[PCEM[W-A|uOOIg(wsBS<QPq@zjNf@9A;Lvn_.L,
425,hamming,50,50,400,792,392,0.98,0.0,0,0.0,0,True,True,False,0.3857612609863281,0.12063980102539062,q6%|sp_}G841:ft-5G5+{txroDMV-bAO1f7<?PcQWZSH>1Ycl2,q6%|sp_}G841:ft-5G5+{txroDMV-bAO1f7<?PcQWZSH>1Ycl2,
426,hamming,50,50,400,792,392,0.98,0.0,0,0.0,0,True,True,False,0.3859996795654297,0.12087821960449219,H3MsYS%@2t)0EeIC@5;HnubKdET-Le5TNA60Ip]bRc3P[^}ts ,H3MsYS%@2t)0EeIC@5;HnubKdET-Le5TNA60Ip]bRc3P[^}ts ,
427,hamming,50,50,400,792,392,0.98,0.0,0,0.0,0,True,True,False,0.3859996795654297,0.12493133544921875,fDuJN64|(->a2C7*o+9J}:&fYEzzoNa3Y5#0:MA54V]02Lvj3?,fDuJN64|(->a2C7*o+9J}:&fYEzzoNa3Y5#0:MA54V]02Lvj3?,
428,hamming,50,50,400,792,392,0.98,0.0,0,0.0,0,True,True,False,0.3840923309326172,0.12111663818359375,"|_zxdWLBON_5Vi(!ca2=c^Ia1__k,QP2?oQ5QgnPLJW m_)[n+","|_zxdWLBON_5Vi(!ca2=c^Ia1__k,QP2?oQ5QgnPLJW m_)[n+",
429,hamming,50,50,400,792,392,0.98,0.0,0,0.0,0,True,True,False,0.4138946533203125,0.13375282287597656,^9e6mnE@Fg7FW{*+v>NEl-3[R0i*rVA{}f:d.:iZ612FKnPpaH,^9e6mnE@Fg7FW{*+v>NEl-3[R0i*rVA{}f:d.:iZ612FKnPpaH,
430,hamming,50,50,400,792,392,0.98,0.0,0,0.0,0,True,True,False,0.39005279541015625,0.12421607971191406,"p2Mcg#_ao[st;tw<B,D[_@%_DA)J$5n%&>-jd#Q(Imqnz|AlKK","p2Mcg#_ao[st;tw<B,D[_@%_DA)J$5n%&>-jd#Q(Imqnz|AlKK",
431,hamming,50,50,400,792,392,0.98,0.0,0,0.0,0,True,True,False,0.3769397735595703,0.11897087097167969,6W6V4vh#yy^O&}!2<WxQ=2<a3<#Gn^d*lhj!w6wF2hno4tAp#%,6W6V4vh#yy^O&}!2<WxQ=2<a3<#Gn^d*lhj!w6wF2hno4tAp#%,
432,hamming,50,50,400,792,392,0.98,0.0,0,0.0,0,True,True,False,0.3802776336669922,0.1201629638671875,"L7|Sf;ZyS&C1YAD$TYK=}h19Ajm-+,+leag<HKp+n)A}_-KorA","L7|Sf;ZyS&C1YAD$TYK=}h19Ajm-+,+leag<HKp+n)A}_-KorA",
433,hamming,50,50,400,792,392,0.98,0.0,0,0.0,0,True,True,False,0.3840923309326172,0.12111663818359375,c_tuvgQ-6bRW!^zFJJq2q*rk9Y3|Z[>pm3>#!I49FJ[HyaK[@4,c_tuvgQ-6bRW!^zFJJq2q*rk9Y3|Z[>pm3>#!I49FJ[HyaK[@4,
434,hamming,50,50,400,792,392,0.98,0.0,0,0.0,0,True,True,False,0.3838539123535156,0.1220703125,"cayH OgbH}_>edyfc-E3cmT{^,=qs>q3>aTYphL!R2zq^ow-%N","cayH OgbH}_>edyfc-E3cmT{^,=qs>q3>aTYphL!R2zq^ow-%N",
435,hamming,50,50,400,792,392,0.98,0.0,0,0.0,0,True,True,False,0.38504600524902344,0.12302398681640625,"b4arFTe$J|51Ca%W|)87G,T$TYyRFlfZ1)@(#b&oxRD<u9(??V","b4arFTe$J|51Ca%W|)87G,T$TYyRFlfZ1)@(#b&oxRD<u9(??V",
436,hamming,50,50,400,792,392,0.98,0.0,0,0.0,0,True,True,False,0.3800392150878906,0.1201629638671875,"3y1kp_WM[YGqz(-y$IsN,e9A#^5lMoGft#Fr bIV^(}<jw^9 q","3y1kp_WM[YGqz(-y$IsN,e9A#^5lMoGft#Fr bIV^(}<jw^9 q",
437,hamming,50,50,400,792,392,0.98,0.0001,0,0.0,0,True,True,False,0.3819465637207031,0.12087821960449219,"+<7@N8nJAkdv mF1m VI8<T{6;:M!Y>|ytMb}RvpiaeH;+,b-e","+<7@N8nJAkdv mF1m VI8<T{6;:M!Y>|ytMb}RvpiaeH;+,b-e",
438,hamming,50,50,400,792,392,0.98,0.0001,1,0.0012626262626262627,0,False,False,False,0.2601146697998047,0.0011920928955078125,1-92kRnH9Z<b5CaS4<|f;ae0L3N|&|!:<szLuVrC+]DMX5{HfH,,CRC validation failed
439,hamming,50,50,400,792,392,0.98,0.0001,0,0.0,0,True,True,False,0.41294097900390625,0.15425682067871094,Dbq0cUTx6S(ARyhTeQ[upl+.m(LjEC>CwbyO}lS]&XPkS%r*Y8,Dbq0cUTx6S(ARyhTeQ[upl+.m(LjEC>CwbyO}lS]&XPkS%r*Y8,
440,hamming,50,50,400,792,392,0.98,0.0001,0,0.0,0,True,True,False,0.3960132598876953,0.13589859008789062,ngxWZAA$V$-}oT^(;5Z1hPW<ZJKXj25p!}T8[$e50q8t:y=8H1,ngxWZAA$V$-}oT^(;5Z1hPW<ZJKXj25p!}T8[$e50q8t:y=8H1,
441,hamming,50,50,400,792,392,0.98,0.0001,0,0.0,0,True,True,False,0.38313865661621094,0.1220703125,I=8(Yp|5.N0%=_47Md@z3&Ta_I?Z@Zu%Ft3n. v_Np4&*ydj8x,I=8(Yp|5.N0%=_47Md@z3&Ta_I?Z@Zu%Ft3n. v_Np4&*ydj8x,
442,hamming,50,50,400,792,392,0.98,0.0001,0,0.0,0,True,True,False,0.3898143768310547,0.12278556823730469,"nZg;6-F))Rn.Ff.N#I$[H#-,l$= !@!--L^[jxPR!hpc;K3aTk","nZg;6-F))Rn.Ff.N#I$[H#-,l$= !@!--L^[jxPR!hpc;K3aTk",
443,hamming,50,50,400,792,392,0.98,0.0001,0,0.0,0,True,True,False,0.38504600524902344,0.12278556823730469,_n}_d}tnNGO$vD>E!iJf?^.IKY@Rh*iuH]6|BU8n7>s?jzLuKS,_n}_d}tnNGO$vD>E!iJf?^.IKY@Rh*iuH]6|BU8n7>s?jzLuKS,
444,hamming,50,50,400,792,392,0.98,0.0001,1,0.0012626262626262627,0,False,False,False,0.26416778564453125,0.00095367431640625,I;-e&{0Lurm1A&3 -H]TS>LggMBQIv7wSBdM{oBwAinw C cc+,,CRC validation failed
445,hamming,50,50,400,792,392,0.98,0.0001,0,0.0,0,True,True,False,0.3876686096191406,0.12183189392089844,dJpY)V906uKdp#mz{1w>cDv@e*;:V|q-spgq<}SUMKzWU0NCxW,dJpY)V906uKdp#mz{1w>cDv@e*;:V|q-spgq<}SUMKzWU0NCxW,
446,hamming,50,50,400,792,392,0.98,0.0001,0,0.0,0,True,True,False,0.3802776336669922,0.12111663818359375,f -[WqDZ8qGwECG3n4vC g_4&ic DReHf0Pn_YX%ic:11Qf;jc,f -[WqDZ8qGwECG3n4vC g_4&ic DReHf0Pn_YX%ic:11Qf;jc,
447,hamming,50,50,400,792,392,0.98,0.0001,0,0.0,0,True,True,False,0.3840923309326172,0.1220703125,"&E,.dYPj!hu;TzB,y,K,<:*(-z6T+2LZ}rMTF8h8Tq_D.=Y5xm","&E,.dYPj!hu;TzB,y,K,<:*(-z6T+2LZ}rMTF8h8Tq_D.=Y5xm",
448,hamming,50,50,400,792,392,0.98,0.0005,0,0.0,0,True,True,False,0.3809928894042969,0.1201629638671875,jiDAxDF[${]HiJ@L@haE%N[5uOeL:7_gejKa( uqxp5yhh2<DD,jiDAxDF[${]HiJ@L@haE%N[5uOeL:7_gejKa( uqxp5yhh2<DD,
449,hamming,50,50,400,792,392,0.98,0.0005,0,0.0,0,True,True,False,0.3800392150878906,0.11992454528808594,;cz(xeV<B+{Nxo_Bd)mY^_$>$P6tyQ4@<9.Nl?Xys4dt}DF6]U,;cz(xeV<B+{Nxo_Bd)mY^_$>$P6tyQ4@<9.Nl?Xys4dt}DF6]U,
450,hamming,50,50,400,792,392,0.98,0.0005,0,0.0,0,True,True,False,0.3910064697265625,0.11992454528808594,KztPE*c8^F-uItGT^lt@#lkd!W.P$_Leaxo !*b5a[r4]n5:pJ,KztPE*c8^F-uItGT^lt@#lkd!W.P$_Leaxo !*b5a[r4]n5:pJ,
451,hamming,50,50,400,792,392,0.98,0.0005,0,0.0,0,True,True,False,0.37980079650878906,0.11992454528808594,"Tg1WrIvC;ly!U[KS|(9?VOqGr[$z5,R8?#$j*C5h&1]FHt&A+=","Tg1WrIvC;ly!U[KS|(9?VOqGr[$z5,R8?#$j*C5h&1]FHt&A+=",
452,hamming,50,50,400,792,392,0.98,0.0005,0,0.0,0,True,True,False,0.38814544677734375,0.12111663818359375,"sOBs_, 0mLF)!Vf[Yrg*K17c,Yw(#S&(hMrg|aB1LRdcD!C]tD","sOBs_, 0mLF)!Vf[Yrg*K17c,Yw(#S&(hMrg|aB1LRdcD!C]tD",
453,hamming,50,50,400,792,392,0.98,0.0005,1,0.0012626262626262627,0,False,False,False,0.2620220184326172,0.0011920928955078125,4|e?;Lh@b]yX#UVIHQE6BlI^bw6 :-bbOWOm#_JW2 ?bNOV>*I,,CRC validation failed
454,hamming,50,50,400,792,392,0.98,0.0005,1,0.0012626262626262627,0,False,False,False,0.26106834411621094,0.00095367431640625,"x)=%EPf(GYs.wU,T=OJ@D4 +Mr*QaoXKM)s5<& 2XPDApG|T+6",,CRC validation failed
455,hamming,50,50,400,792,392,0.98,0.0005,0,0.0,0,True,True,False,0.3840923309326172,0.12302398681640625,=#yDyLh%q$rU:hQ]6&%CWBVDn[DE9q?O6f4>EKT= K=<d$9kdv,=#yDyLh%q$rU:hQ]6&%CWBVDn[DE9q?O6f4>EKT= K=<d$9kdv,
456,hamming,50,50,400,792,392,0.98,0.0005,1,0.0012626262626262627,0,False,False,False,0.2608299255371094,0.00095367431640625,gqL]s+c37y-1%q{P[oYv7)aILqOLd0jtd*Ruf:Wsd]LoLcnIWg,,CRC validation failed
457,hamming,50,50,400,792,392,0.98,0.0005,1,0.0012626262626262627,0,False,False,False,0.2601146697998047,0.0011920928955078125,suJ:g_wEZQFd5vE@o>3qK]E64d$gQw}eigwnnrU}I(lB.6R#np,,CRC validation failed
458,hamming,50,50,400,792,392,0.98,0.0005,1,0.0012626262626262627,0,False,False,False,0.2739429473876953,0.0011920928955078125,$M^h^7}r@!ci+Xw63[i8V..z]Y7S#4o!!HS-U1{xlwwW8uUJWj,,CRC validation failed
459,hamming,50,50,400,792,392,0.98,0.001,0,0.0,0,True,True,False,0.3941059112548828,0.1220703125,GS>dL<a;C%lvDb^t@[bSz3SU^ACae=y-B^#dL]3mqVB(<5dvYD,GS>dL<a;C%lvDb^t@[bSz3SU^ACae=y-B^#dL]3mqVB(<5dvYD,
460,hamming,50,50,400,792,392,0.98,0.001,0,0.0,0,True,True,False,0.38504600524902344,0.12111663818359375,![nkD4zeIpX8#E]+xM xM)-I*<C>xoulzWB7#0_nZ_FQQ5]mj#,![nkD4zeIpX8#E]+xM xM)-I*<C>xoulzWB7#0_nZ_FQQ5]mj#,
461,hamming,50,50,400,792,392,0.98,0.001,2,0.0025252525252525255,0,False,False,False,0.28896331787109375,0.00095367431640625,dWilO7LD7>|^Yq*tXSC+J%)%zWJI-%{+0HCtCz{w3J=Do#7src,,CRC validation failed
462,hamming,50,50,400,792,392,0.98,0.001,0,0.0,0,True,True,False,0.38504600524902344,0.1220703125,"VLN!@_vJ)$a#A=%{l_Bjt,]VtV5%E4<N-ao4)0[{cI1?L9c[r?","VLN!@_vJ)$a#A=%{l_Bjt,]VtV5%E4<N-ao4)0[{cI1?L9c[r?",
463,hamming,50,50,400,792,392,0.98,0.001,3,0.003787878787878788,0,False,False,False,0.2627372741699219,0.00095367431640625,"oI,FP6Jr[c6U06otnuMAq+e.*AYBb,IlG8uU{? -W5:)cXg&sc",,CRC validation failed
464,hamming,50,50,400,792,392,0.98,0.001,3,0.003787878787878788,0,False,False,False,0.26798248291015625,0.0011920928955078125, <9x{[LdL@(?[_{9e5Ez.a11DD[jcCAZ[rk+uA_KSF.tcS*aiA,,CRC validation failed
465,hamming,50,50,400,792,392,0.98,0.001,0,0.0,0,True,True,False,0.3859996795654297,0.1201629638671875,KUAI9WJ6mB_2c)SD3k=Pf1(0@5b;Nu7#UfVr].:}|3&b}.]B|A,KUAI9WJ6mB_2c)SD3k=Pf1(0@5b;Nu7#UfVr].:}|3&b}.]B|A,
466,hamming,50,50,400,792,392,0.98,0.001,0,0.0,0,True,True,False,0.3819465637207031,0.12278556823730469,^;|&6|:_x%u2Gt{dUk_(k}f.<nVOV7{>$}>v]u5dwiEv5XVRg&,^;|&6|:_x%u2Gt{dUk_(k}f.<nVOV7{>$}>v]u5dwiEv5XVRg&,
467,hamming,50,50,400,792,392,0.98,0.001,0,0.0,0,True,True,False,0.38313865661621094,0.12111663818359375,"JW!syYWC4jM=n6Z{SdnbKu@Z!lnD$HzQ]Z?]y+YGlhgn}mC#,,","JW!syYWC4jM=n6Z{SdnbKu@Z!lnD$HzQ]Z?]y+YGlhgn}mC#,,",
468,hamming,50,50,400,792,392,0.98,0.001,0,0.0,0,True,True,False,0.3809928894042969,0.11992454528808594,Uj^^vCP_@bIfRMq2fFIss)B6]p0&1*>v^m!detQL$ <nh.!uF|,Uj^^vCP_@bIfRMq2fFIss)B6]p0&1*>v^m!detQL$ <nh.!uF|,
469,hamming,50,50,400,792,392,0.98,0.001,2,0.0025252525252525255,0,False,False,False,0.26106834411621094,0.00095367431640625,Bai&r{Ufa<c=>S^mVlJhw[$c(zHtze3Lb%md*Gpg&1A20Uzg5K,,CRC validation failed
470,hamming,50,50,400,792,392,0.98,0.002,1,0.0012626262626262627,0,False,False,False,0.2639293670654297,0.00095367431640625,Io=>3D+j?fKQK9b]9V$a7kpA*jF{V^:<.))Lxps Y-$P?mScvc,,CRC validation failed
471,hamming,50,50,400,792,392,0.98,0.002,1,0.0012626262626262627,0,False,False,False,0.26297569274902344,0.00095367431640625,"yN6U7ts6A;p(;5AmI_(jyl>?O:pz,>GXh}<wKqO=&n&K Jsm:5",,CRC validation failed
472,hamming,50,50,400,792,392,0.98,0.002,0,0.0,0,True,True,False,0.3979206085205078,0.12302398681640625,RG8g9$B a?qfc<Y#i$qGBo$q.>Cdv! m3dG=b*WO:p6 h]ybrq,RG8g9$B a?qfc<Y#i$qGBo$q.>Cdv! m3dG=b*WO:p6 h]ybrq,
473,hamming,50,50,400,792,392,0.98,0.002,1,0.0012626262626262627,0,False,False,False,0.26226043701171875,0.0011920928955078125,"#pT_,og1$zGLXOmUU?%G)6F{|dM[.bUssIxfKfSv|DYHfQ]?}z",,CRC validation failed
474,hamming,50,50,400,792,392,0.98,0.002,2,0.0025252525252525255,0,False,False,False,0.26297569274902344,0.00095367431640625,"P4m<)i,Pk6%RC6,aY=T)bS@@@]+la5zVgcr4zKyT@XY+1>^3:|",,CRC validation failed
475,hamming,50,50,400,792,392,0.98,0.005,3,0.003787878787878788,0,False,False,False,0.2639293670654297,0.0011920928955078125,"j+v@r,HZ^?|Phv#z.UE).Uyh9zMNLNmD|R%g;Gj3:8Y|Fkw>3_",,CRC validation failed
476,hamming,50,50,400,792,392,0.98,0.005,4,0.005050505050505051,0,False,False,False,0.26297569274902344,0.00095367431640625,"dt8)+J1n.HoQ:3?-7cyGFne.vntpb6Ns@FskArWT,0xZm|<y)B",,CRC validation failed
477,hamming,50,50,400,792,392,0.98,0.005,6,0.007575757575757576,0,False,False,False,0.263214111328125,0.0011920928955078125,nft%at>Rx$V4[oTz; vVm[o[@-zC$;M#l@39ZbgO?:=e=?<2^m,,CRC validation failed
478,hamming,50,50,400,792,392,0.98,0.005,5,0.006313131313131313,0,False,False,False,0.2639293670654297,0.00095367431640625,aSS&#K)j?%Frs98yDkMWdaFSDJ<pGJggp9paQ_ei&W%%-3lmFE,,CRC validation failed
479,hamming,50,50,400,792,392,0.98,0.005,4,0.005050505050505051,0,False,False,False,0.26297569274902344,0.00095367431640625,e85OG(l$*ZoT!5Kn-y*w8R-|D[R6-ASgEJx<7b<._UtBUA>pC:,,CRC validation failed
